{"name":"c4585360-5333-486c-93e8-2807ce31ea7f","id":"/providers/Microsoft.Flow/flows/c4585360-5333-486c-93e8-2807ce31ea7f","type":"Microsoft.Flow/flows","properties":{"apiId":"/providers/Microsoft.PowerApps/apis/shared_logicflows","displayName":"Controle de RNCs","definition":{"metadata":{"workflowEntityId":null,"processAdvisorMetadata":null,"flowChargedByPaygo":null,"flowclientsuspensionreason":"None","flowclientsuspensiontime":null,"flowclientsuspensionreasondetails":null,"creator":{"id":"7e7b1635-10ed-409b-bf27-14ce62d2645f","type":"User","tenantId":"8f68c836-d6e4-4ccc-8343-9552d43051c8"},"provisioningMethod":"FromDefinition","failureAlertSubscription":true,"clientLastModifiedTime":"2024-11-21T11:18:34.45934Z","connectionKeySavedTimeKey":"2024-11-21T11:18:34.45934Z"},"$schema":"https://schema.management.azure.com/providers/Microsoft.Logic/schemas/2016-06-01/workflowdefinition.json#","contentVersion":"undefined","parameters":{"$authentication":{"defaultValue":{},"type":"SecureObject"},"$connections":{"defaultValue":{},"type":"Object"}},"triggers":{"manual":{"type":"Request","kind":"PowerAppV2","inputs":{"schema":{"type":"object","properties":{"text":{"description":"Insira sua entrada","title":"Nome","type":"string","x-ms-content-hint":"TEXT","x-ms-dynamically-added":true},"text_3":{"description":"Insira sua entrada","title":"DescProblema","type":"string","x-ms-content-hint":"TEXT","x-ms-dynamically-added":true},"number_1":{"description":"Insira um número","title":"NumeroRNC","type":"number","x-ms-content-hint":"NUMBER","x-ms-dynamically-added":true},"text_1":{"description":"Insira sua entrada","title":"DataEmissao","type":"string","x-ms-content-hint":"TEXT","x-ms-dynamically-added":true},"text_4":{"description":"Insira sua entrada","title":"AreaApuracao","type":"string","x-ms-content-hint":"TEXT","x-ms-dynamically-added":true},"text_5":{"description":"Insira sua entrada","title":"Desvio","type":"string","x-ms-content-hint":"TEXT","x-ms-dynamically-added":true},"text_2":{"description":"Please enter your input","title":"Json","type":"string","x-ms-content-hint":"TEXT","x-ms-dynamically-added":true},"text_7":{"description":"Please enter your input","title":"InicioAC","type":"string","x-ms-content-hint":"TEXT","x-ms-dynamically-added":true},"text_8":{"description":"Please enter your input","title":"FimAC","type":"string","x-ms-content-hint":"TEXT","x-ms-dynamically-added":true},"text_9":{"description":"Please enter your input","title":"Projeto/Cliente","type":"string","x-ms-content-hint":"TEXT","x-ms-dynamically-added":true},"text_11":{"description":"Please enter your input","title":"AreaCausadora","type":"string","x-ms-content-hint":"TEXT","x-ms-dynamically-added":true},"text_12":{"description":"Please enter your input","title":"HorasRetrabalho","type":"string","x-ms-content-hint":"TEXT","x-ms-dynamically-added":true},"text_13":{"description":"Please enter your input","title":"MinutosRetrabalho","type":"string","x-ms-content-hint":"TEXT","x-ms-dynamically-added":true},"boolean_1":{"description":"Please select yes or no","title":"AberturaRNCs","type":"boolean","x-ms-content-hint":"BOOLEAN","x-ms-dynamically-added":true},"text_10":{"description":"Please enter your input","title":"Disposicao","type":"string","x-ms-content-hint":"TEXT","x-ms-dynamically-added":true},"text_6":{"description":"Please enter your input","title":"EmissorEXP","type":"string","x-ms-content-hint":"TEXT","x-ms-dynamically-added":true}},"required":["text","text_3","number_1","text_1","text_4","text_5","text_2","boolean_1"]}}}},"actions":{"Initialize_variable_StringHTML":{"runAfter":{},"type":"InitializeVariable","inputs":{"variables":[{"name":"StringHTML","type":"string"}]}},"Parse_JSON":{"runAfter":{"Initialize_variable_StringHTML":["Succeeded"]},"type":"ParseJson","inputs":{"content":"@triggerBody()?['text_2']","schema":{"type":"array","items":{"type":"object","properties":{"C_x00f3_digodape_x00e7_a":{"type":"string"},"C_x00f3_pia":{"type":"object","properties":{"Value":{"type":"string"}}},"Emissor2":{},"Estado":{"type":"object","properties":{"Value":{"type":"string"}}},"N_x00b0_":{"type":"integer"},"Quantidade":{"type":"string"}},"required":[]}}}},"For_each":{"foreach":"@body('Select')","actions":{"Append_to_string_variable":{"type":"AppendToStringVariable","inputs":{"name":"StringHTML","value":"<tr><td>@{string(item()?['C_x00f3_digodape_x00e7_a'])}</td><td>@{string(item()?['Estado'])}</td><td>@{string(item()?['Quantidade'])}</td></tr>"}}},"runAfter":{"Select":["Succeeded"]},"type":"Foreach"},"Texto_HTML":{"runAfter":{"For_each":["Succeeded"]},"type":"Compose","inputs":"<table border=\"1\" cellspacing=\"0\" cellpadding=\"5\" style=\"text-align: center; border-collapse: collapse; width: 100%;\">\n  <thead>\n    <tr>\n      <th style=\"font-weight: bold;\">Código da peça</th>\n      <th style=\"font-weight: bold;\">Estado</th>\n      <th style=\"font-weight: bold;\">Quantidade</th>\n    </tr>\n  </thead>\n  <tbody>\n@{variables('StringHTML')}\n  </tbody>\n</table>"},"Select":{"runAfter":{"Parse_JSON":["Succeeded"]},"type":"Select","inputs":{"from":"@body('Parse_JSON')","select":{"C_x00f3_digodape_x00e7_a":"@item()?['C_x00f3_digodape_x00e7_a']","Estado":"@item()?['Estado']?['Value']","Quantidade":"@item()?['Quantidade']"}}},"Eh_Abertura_de_RNC":{"actions":{"Falta_de_peça_na_EXP_-_Envia_email_PCP":{"actions":{"Enviar_um_email_-_PCP":{"type":"OpenApiConnection","inputs":{"parameters":{"emailMessage/To":"qualidade@infratel.com.br;pcp.infratel@infratel.com.br;expedicao@infratel.com.br","emailMessage/Subject":"Nova RNC aberta - N° @{triggerBody()?['number_1']} - Falta de peças na EXP","emailMessage/Body":"<p class=\"editor-paragraph\">Uma nova RNC foi aberta</p><br><p class=\"editor-paragraph\"><b><strong class=\"editor-text-bold\">DADOS DA RNC:</strong></b></p><p class=\"editor-paragraph\"><b><strong class=\"editor-text-bold\">Número: </strong></b>@{triggerBody()?['number_1']}</p><p class=\"editor-paragraph\"><b><strong class=\"editor-text-bold\">Emissor Expedição:</strong></b> @{triggerBody()?['text_6']}</p><p class=\"editor-paragraph\"><b><strong class=\"editor-text-bold\">Data de emissão:</strong></b> @{triggerBody()?['text_1']}</p><p class=\"editor-paragraph\"><b><strong class=\"editor-text-bold\">Descrição do problema:</strong></b> @{triggerBody()?['text_3']}</p><p class=\"editor-paragraph\"><b><strong class=\"editor-text-bold\">Área de apuração:</strong></b> @{triggerBody()?['text_4']}</p><p class=\"editor-paragraph\"><b><strong class=\"editor-text-bold\">Desvio:</strong></b> @{triggerBody()?['text_5']}</p><p class=\"editor-paragraph\"><b><strong class=\"editor-text-bold\">Lote</strong></b><b><strong class=\"editor-text-bold\">: </strong></b>@{triggerBody()?['text_9']}</p><br><p class=\"editor-paragraph\"><b><strong class=\"editor-text-bold\">Material:</strong></b></p><p class=\"editor-paragraph\">@{outputs('Texto_HTML')}</p><br><p class=\"editor-paragraph\"><a href=\"https://infratelti.sharepoint.com/:l:/r/Lists/Controle%20de%20RNCs?e=dGnKeR\" class=\"editor-link\"><u><span class=\"editor-text-underline\">Link para a lista de RNCs</span></u></a></p>","emailMessage/Importance":"Normal"},"host":{"apiId":"/providers/Microsoft.PowerApps/apis/shared_office365","connectionName":"shared_office365-1","operationId":"SendEmailV2"},"authentication":{"value":"@json(decodeBase64(triggerOutputs().headers['X-MS-APIM-Tokens']))['$ConnectionKey']","type":"Raw"}}}},"else":{"actions":{"Enviar_um_email_-_Apenas_QL":{"type":"OpenApiConnection","inputs":{"parameters":{"emailMessage/To":"qualidade@infratel.com.br","emailMessage/Subject":"Nova RNC aberta - N° @{triggerBody()?['number_1']}","emailMessage/Body":"<p class=\"editor-paragraph\">Uma nova RNC foi aberta</p><br><p class=\"editor-paragraph\"><b><strong class=\"editor-text-bold\">DADOS DA RNC:</strong></b></p><p class=\"editor-paragraph\"><b><strong class=\"editor-text-bold\">Número: </strong></b>@{triggerBody()?['number_1']}</p><p class=\"editor-paragraph\"><b><strong class=\"editor-text-bold\">Emissor:</strong></b> @{triggerBody()?['text']}</p><p class=\"editor-paragraph\"><b><strong class=\"editor-text-bold\">Data de emissão:</strong></b> @{triggerBody()?['text_1']}</p><p class=\"editor-paragraph\"><b><strong class=\"editor-text-bold\">Descrição do problema:</strong></b> @{triggerBody()?['text_3']}</p><p class=\"editor-paragraph\"><b><strong class=\"editor-text-bold\">Área de apuração:</strong></b> @{triggerBody()?['text_4']}</p><p class=\"editor-paragraph\"><b><strong class=\"editor-text-bold\">Desvio:</strong></b> @{triggerBody()?['text_5']}</p><br><p class=\"editor-paragraph\"><b><strong class=\"editor-text-bold\">Material:</strong></b></p><p class=\"editor-paragraph\">@{outputs('Texto_HTML')}</p><br><p class=\"editor-paragraph\"><a href=\"https://infratelti.sharepoint.com/:l:/r/Lists/Controle%20de%20RNCs?e=dGnKeR\" class=\"editor-link\"><u><span class=\"editor-text-underline\">Link para a lista de RNCs</span></u></a></p>","emailMessage/Importance":"Normal"},"host":{"apiId":"/providers/Microsoft.PowerApps/apis/shared_office365","connectionName":"shared_office365-1","operationId":"SendEmailV2"},"authentication":{"value":"@json(decodeBase64(triggerOutputs().headers['X-MS-APIM-Tokens']))['$ConnectionKey']","type":"Raw"}}}}},"expression":{"and":[{"equals":["@triggerBody()?['text_5']","Falta de peça"]},{"equals":["@triggerBody()?['text_4']","Expedição"]}]},"type":"If"}},"runAfter":{"Texto_HTML":["Succeeded"]},"else":{"actions":{"Enviar_um_email_-_Fechamento":{"type":"OpenApiConnection","inputs":{"parameters":{"emailMessage/To":"qualidade@infratel.com.br","emailMessage/Subject":"RNC encerrada - N° @{triggerBody()?['number_1']}","emailMessage/Body":"<p class=\"editor-paragraph\">Uma RNC foi encerrada</p><br><p class=\"editor-paragraph\"><b><strong class=\"editor-text-bold\">DADOS DA RNC</strong></b></p><p class=\"editor-paragraph\"><b><strong class=\"editor-text-bold\">Número: </strong></b>@{triggerBody()?['number_1']}<br><b><strong class=\"editor-text-bold\">Emissor: </strong></b>@{triggerBody()?['text']}</p><p class=\"editor-paragraph\"><b><strong class=\"editor-text-bold\">Data de emissão: </strong></b>@{triggerBody()?['text_1']}</p><p class=\"editor-paragraph\"><b><strong class=\"editor-text-bold\">Descrição do problema: </strong></b>@{triggerBody()?['text_3']}</p><p class=\"editor-paragraph\"><b><strong class=\"editor-text-bold\">Projeto/Cliente: </strong></b>@{triggerBody()?['text_9']}</p><p class=\"editor-paragraph\"><b><strong class=\"editor-text-bold\">Área de apuração: </strong></b>@{triggerBody()?['text_4']}</p><p class=\"editor-paragraph\"><b><strong class=\"editor-text-bold\">Área causadora: </strong></b>@{triggerBody()?['text_11']}</p><p class=\"editor-paragraph\"><b><strong class=\"editor-text-bold\">Disposição: </strong></b>@{triggerBody()?['text_10']}</p><br><p class=\"editor-paragraph\"><b><strong class=\"editor-text-bold\">Início Ação Corretiva: </strong></b>@{triggerBody()?['text_7']}</p><p class=\"editor-paragraph\"><b><strong class=\"editor-text-bold\">Fim Ação Corretiva: </strong></b>@{triggerBody()?['text_8']}</p><p class=\"editor-paragraph\"><b><strong class=\"editor-text-bold\">Horas de retabalho: </strong></b>@{triggerBody()?['text_12']}</p><p class=\"editor-paragraph\"><b><strong class=\"editor-text-bold\">Minutos retrabalho: </strong></b>@{triggerBody()?['text_13']}</p><br><p class=\"editor-paragraph\"><b><strong class=\"editor-text-bold\">Material:</strong></b><br>@{outputs('Texto_HTML')}</p><br><p class=\"editor-paragraph\"><a href=\"https://infratelti.sharepoint.com/:l:/r/Lists/Controle%20de%20RNCs?e=qaOhMc\" class=\"editor-link\"><u><span class=\"editor-text-underline\">Link para a lista de RNCs</span></u></a></p>","emailMessage/Importance":"Normal"},"host":{"apiId":"/providers/Microsoft.PowerApps/apis/shared_office365","connectionName":"shared_office365-1","operationId":"SendEmailV2"},"authentication":{"value":"@json(decodeBase64(triggerOutputs().headers['X-MS-APIM-Tokens']))['$ConnectionKey']","type":"Raw"}}}}},"expression":{"and":[{"equals":["@triggerBody()?['boolean_1']","@true"]}]},"type":"If"}}},"connectionReferences":{"shared_office365-1":{"connectionName":"shared-office365-f8286a62-f5a5-43db-8d60-045746dc84b2","source":"Invoker","id":"/providers/Microsoft.PowerApps/apis/shared_office365","tier":"NotSpecified"}},"flowFailureAlertSubscribed":false,"isManaged":false}}