{"schemaVersion":"1.0","appDefinitionTemplate":{"id":"/providers/Microsoft.PowerApps/apps/","type":"Microsoft.PowerApps/apps","tags":{"primaryDeviceWidth":"768","primaryDeviceHeight":"1366","supportsPortrait":"true","supportsLandscape":"false","primaryFormFactor":"Tablet","showStatusBar":"false","publisherVersion":"3.24111.12","minimumRequiredApiVersion":"2.2.0","hasComponent":"false","hasUnlockedComponent":"false","isUnifiedRootApp":"false","sienaVersion":"20241123T145704Z-3.24111.12.0"},"properties":{"appVersion":"2024-11-23T14:57:04Z","lifeCycleId":"Published","createdByClientVersion":{"major":3,"minor":24111,"build":12,"revision":0,"majorRevision":0,"minorRevision":0},"minClientVersion":{"major":3,"minor":24111,"build":12,"revision":0,"majorRevision":0,"minorRevision":0},"backgroundColor":"RGBA(0,176,240,1)","backgroundImageUri":"/12095771735300146593/Ncf92802f-0c00-4635-b462-5769b071fb06-logoSmallFile","displayName":"Abertura de RNC's","description":"","commitMessage":"","appUris":{"documentUri":{"value":"/12095771735300146593/N53d9239f-7461-4f41-bb5f-a7b6f1207c89-document.msapp"},"imageUris":[],"additionalUris":[{"isSolutionAware":false,"value":"/12095771735300146593/N7d2510b6-6799-4e56-a4f2-9776614b0da4-identity.json"}]},"createdTime":"0001-01-01T00:00:00Z","lastModifiedTime":"0001-01-01T00:00:00Z","sharedGroupsCount":0,"sharedUsersCount":0,"connectionReferences":{"909db898-d800-439b-92f0-eaeb2c3e2672":{"id":"20934a59-1d47-4365-9b30-1eaf492240fa","displayName":"SharePoint","iconUri":"https://connectoricons-prod.azureedge.net/u/jayawan/releases/v1.0.1697/1.0.1697.3786/sharepointonline/icon.png","dataSources":["Controle de RNC's","UsuáriosAppsRNCs.v2","AdminsAppRNCs"],"dependencies":[],"dependents":[],"parameterHints":{},"parameterHintsV2":{},"isOnPremiseConnection":false,"bypassConsent":false,"dataSets":{"https://infratelti.sharepoint.com/":{"dataSources":{"Controle de RNC's":{"tableName":"5b50f905-27f9-4295-ab66-f09b6a04db95"}}},"https://infratelti-my.sharepoint.com/personal/qualidade_infratel_com_br":{"dataSources":{"UsuáriosAppsRNCs.v2":{"tableName":"0fd6bae2-1025-4d79-aea9-61b351d5e3cb"},"AdminsAppRNCs":{"tableName":"c547a132-ad48-4011-a5a4-a2e35d261a6e"}}}},"apiTier":"Standard","isCustomApiConnection":false,"actions":["providers/PowerPlatform.Governance/Operations/Read","providers/PowerPlatform.Governance/Operations/Write","providers/PowerPlatform.Governance/Operations/Delete"]},"8cc3ae04-0648-4a7e-a6b9-0ab65fa7f4e9":{"id":"a954b15c-1132-4e2e-bdbc-e58e8e811357","displayName":"Conversão de Conteúdo","iconUri":"https://connectoricons-prod.azureedge.net/releases/v1.0.1718/1.0.1718.3951/conversionservice/icon.png","dataSources":["ConversãodeConteúdo"],"dependencies":[],"dependents":[],"parameterHints":{},"parameterHintsV2":{},"isOnPremiseConnection":false,"bypassConsent":false,"dataSets":{},"apiTier":"Standard","isCustomApiConnection":false},"ca821518-6ce5-443d-a678-3a5b6c100e5d":{"id":"a2c0520c-b2c4-4208-a6b0-b0e39efc3986","displayName":"Fluxos lógicos","iconUri":"https://connectoricons-prod.azureedge.net/releases/v1.0.1719/1.0.1719.3955/logicflows/icon.png","dataSources":["ErrodeSalvamentoRNCs"],"dependencies":["e0c31058-21b8-4dc2-94c4-dac1d6595072"],"dependents":[],"parameterHints":{"workflowName":{"value":"9faa9e1a-046e-4870-81dc-4fb2f730b6e9"},"workflowEntityId":{},"workflowDisplayName":{"value":"Erro de Salvamento RNCs"},"e0c31058-21b8-4dc2-94c4-dac1d6595072":{"value":"shared_office365"}},"parameterHintsV2":{"workflowName":{"value":"9faa9e1a-046e-4870-81dc-4fb2f730b6e9"},"workflowEntityId":{},"workflowDisplayName":{"value":"Erro de Salvamento RNCs"},"shared_office365":{"value":"e0c31058-21b8-4dc2-94c4-dac1d6595072"}},"isOnPremiseConnection":false,"bypassConsent":false,"dataSets":{},"apiTier":"Standard","isCustomApiConnection":false,"actions":["Run"],"nestedActions":[{"id":"/providers/Microsoft.PowerApps/apis/shared_office365/apiOperations/SendEmailV2","apiName":"Office 365 Outlook","actionName":"SendEmailV2","referencedResources":[]}]},"e0c31058-21b8-4dc2-94c4-dac1d6595072":{"id":"2190bc66-ce02-4024-a402-7535e91086b9","displayName":"Office 365 Outlook","iconUri":"https://connectoricons-prod.azureedge.net/releases/v1.0.1722/1.0.1722.3975/office365/icon.png","dataSources":[],"dependencies":[],"dependents":["ca821518-6ce5-443d-a678-3a5b6c100e5d"],"parameterHints":{},"parameterHintsV2":{},"isOnPremiseConnection":false,"bypassConsent":false,"dataSets":{},"apiTier":"Standard","isCustomApiConnection":false},"ae1052ae-fc19-445c-97a2-765dbd6b688f":{"id":"2190bc66-ce02-4024-a402-7535e91086b9","displayName":"Office 365 Outlook","iconUri":"https://connectoricons-prod.azureedge.net/releases/v1.0.1722/1.0.1722.3975/office365/icon.png","dataSources":[],"dependencies":[],"dependents":["d313e3a2-d056-48bd-8db8-ab7993915b61"],"parameterHints":{},"parameterHintsV2":{},"isOnPremiseConnection":false,"bypassConsent":false,"dataSets":{},"apiTier":"Standard","isCustomApiConnection":false},"d313e3a2-d056-48bd-8db8-ab7993915b61":{"id":"a2c0520c-b2c4-4208-a6b0-b0e39efc3986","displayName":"Fluxos lógicos","iconUri":"https://connectoricons-prod.azureedge.net/releases/v1.0.1719/1.0.1719.3955/logicflows/icon.png","dataSources":["ControledeRNCs"],"dependencies":["ae1052ae-fc19-445c-97a2-765dbd6b688f"],"dependents":[],"parameterHints":{"workflowName":{"value":"a9e59530-b9a8-49b5-a78c-a98663d4931a"},"workflowEntityId":{},"workflowDisplayName":{"value":"Controle de RNCs"},"ae1052ae-fc19-445c-97a2-765dbd6b688f":{"value":"shared_office365-1"}},"parameterHintsV2":{"workflowName":{"value":"a9e59530-b9a8-49b5-a78c-a98663d4931a"},"workflowEntityId":{},"workflowDisplayName":{"value":"Controle de RNCs"},"shared_office365-1":{"value":"ae1052ae-fc19-445c-97a2-765dbd6b688f"}},"isOnPremiseConnection":false,"bypassConsent":false,"dataSets":{},"apiTier":"Standard","isCustomApiConnection":false,"actions":["Run"],"nestedActions":[{"id":"/providers/Microsoft.PowerApps/apis/shared_office365/apiOperations/SendEmailV2","apiName":"Office 365 Outlook","actionName":"SendEmailV2","referencedResources":[]}]}},"databaseReferences":{},"almMode":"Environment","performanceOptimizationEnabled":false,"canConsumeAppPass":false,"enableModernRuntimeMode":false,"executionRestrictions":{"isTeamsOnly":false,"dataLossPreventionEvaluationResult":{"status":"Compliant","lastEvaluationDate":"2024-11-23T14:57:12.5716291Z","violations":[],"violationsByPolicy":[],"violationErrorMessage":"O aplicativo usa os seguintes conectores: shared_sharepointonline, shared_conversionservice, shared_logicflows, shared_office365."},"httpActionRestriction":{"appUsesSharepointHttpAction":false,"enforcementStrategy":"Legacy","evaluationTime":"2024-11-23T14:57:12.5714327Z"}}},"appType":"ClassicCanvasApp","appComponents":[]}}