{"name":"13779877-4d96-42af-a834-ed5093da5651","id":"/providers/Microsoft.Flow/flows/13779877-4d96-42af-a834-ed5093da5651","type":"Microsoft.Flow/flows","properties":{"apiId":"/providers/Microsoft.PowerApps/apis/shared_logicflows","displayName":"QL - Forms homologação/criação de documentos","definition":{"metadata":{"workflowEntityId":null,"processAdvisorMetadata":null,"flowChargedByPaygo":null,"flowclientsuspensionreason":"None","flowclientsuspensiontime":null,"flowclientsuspensionreasondetails":null,"creator":{"id":"7e7b1635-10ed-409b-bf27-14ce62d2645f","type":"User","tenantId":"8f68c836-d6e4-4ccc-8343-9552d43051c8"},"provisioningMethod":"FromDefinition","failureAlertSubscription":true,"clientLastModifiedTime":"2024-10-02T13:26:15.0613105Z","connectionKeySavedTimeKey":"2024-10-02T13:26:15.0613105Z"},"$schema":"https://schema.management.azure.com/providers/Microsoft.Logic/schemas/2016-06-01/workflowdefinition.json#","contentVersion":"1.0.0.0","parameters":{"$authentication":{"defaultValue":{},"type":"SecureObject"},"$connections":{"defaultValue":{},"type":"Object"}},"triggers":{"Quando_uma_nova_resposta_é_enviada":{"splitOn":"@triggerOutputs()?['body/value']","type":"OpenApiConnectionWebhook","inputs":{"parameters":{"form_id":"Nshoj-TWzEyDQ5VS1DBRyDUWe37tEJtAvycUzmLSZF9UN1BPRTNHM0ZNR1g1TTlLQk1EUUZNVDJUWi4u"},"host":{"apiId":"/providers/Microsoft.PowerApps/apis/shared_microsoftforms","connectionName":"shared_microsoftforms-1","operationId":"CreateFormWebhook"},"authentication":"@parameters('$authentication')"}}},"actions":{"Obter_os_detalhes_da_resposta":{"runAfter":{},"type":"OpenApiConnection","inputs":{"parameters":{"form_id":"Nshoj-TWzEyDQ5VS1DBRyDUWe37tEJtAvycUzmLSZF9UN1BPRTNHM0ZNR1g1TTlLQk1EUUZNVDJUWi4u","response_id":"@triggerOutputs()?['body/resourceData/responseId']"},"host":{"apiId":"/providers/Microsoft.PowerApps/apis/shared_microsoftforms","connectionName":"shared_microsoftforms-1","operationId":"GetFormResponseById"},"authentication":"@parameters('$authentication')"}},"Email_Cliente":{"runAfter":{"Email_Qualidade":["Succeeded"]},"type":"OpenApiConnection","inputs":{"parameters":{"emailMessage/To":"@body('Obter_os_detalhes_da_resposta')?['responder']","emailMessage/Subject":"[Email Automático] - Formulário de homologação de documentos","emailMessage/Body":"<p>Olá! Sua resposta foi recebida. Assim que seu documento for homologado lhe enviaremos um link com o acesso.</p><br><p>- Se algum dado foi enviado errado, basta responder a este email com as informações corrigidas</p><p><br><b><strong>DADOS DA RESPOSTA</strong></b></p><p>(Campos em branco significam que não houve a necessidade de preenche-los, não se preocupe!)</p><br><p><span style=\"color: rgb(208, 2, 27);\">Urgência:</span> @{body('Obter_os_detalhes_da_resposta')?['r0d22abe44ea745939a6ec4c296eabca7']}</p><p><span style=\"color: rgb(208, 2, 27);\">Justificativa:</span> @{body('Obter_os_detalhes_da_resposta')?['r871ffb1cbbbe4231aba48cc26b82b9f0']}</p><p><span style=\"color: rgb(208, 2, 27);\">Data desejada:</span> @{body('Obter_os_detalhes_da_resposta')?['r93e352c74a4b40af94cbac8840228a60']}</p><br><p><span style=\"color: rgb(74, 144, 226);\">Finalidade do documento: </span>@{body('Obter_os_detalhes_da_resposta')?['rc533279715e6445ab7e7ebd6def7d2fe']}</p><p><br><span style=\"color: rgb(74, 144, 226);\">Tipo de documento:</span> @{body('Obter_os_detalhes_da_resposta')?['rea79c3f4225f4363bb466a935c7527d8']}</p><p><span style=\"color: rgb(74, 144, 226);\">Código do documento:</span> @{body('Obter_os_detalhes_da_resposta')?['r81794c6fb8a54b6eaaf04a62838f55c5']}</p><p><span style=\"color: rgb(74, 144, 226);\">Válido para: </span>@{body('Obter_os_detalhes_da_resposta')?['rb8004a6f1b8346ff9363ea22655662e9']}</p><p><span style=\"color: rgb(74, 144, 226);\">Setor: </span>@{body('Obter_os_detalhes_da_resposta')?['r6019bae508fb48feb36b5d44d3f3b8a3']}</p><p><span style=\"color: rgb(74, 144, 226);\">Sub-setor:</span> @{body('Obter_os_detalhes_da_resposta')?['rdfffed3b013b4cfcb3ce449bd7635f83']}</p><p><span style=\"color: rgb(74, 144, 226);\">Responsável por criar:</span> @{body('Obter_os_detalhes_da_resposta')?['r5f3dab0cd00947beb13e32725b97905f']}</p><p><span style=\"color: rgb(74, 144, 226);\">Revisor:</span> @{body('Obter_os_detalhes_da_resposta')?['rd1575aefeeaf48529e6e942a778f50d8']}</p><p><span style=\"color: rgb(74, 144, 226);\">Aprovador:</span> @{body('Obter_os_detalhes_da_resposta')?['rc1458b3edf2143519d0cf3a967edddc9']}</p>","emailMessage/Attachments":"@variables('Anexo Email')","emailMessage/Importance":"Normal"},"host":{"apiId":"/providers/Microsoft.PowerApps/apis/shared_office365","connectionName":"shared_office365-1","operationId":"SendEmailV2"},"authentication":"@parameters('$authentication')"}},"Analisar_JSON":{"runAfter":{"Obter_os_detalhes_da_resposta":["Succeeded"]},"type":"ParseJson","inputs":{"content":"@body('Obter_os_detalhes_da_resposta')?['ra3f405e77be74d2381f366bd126db96f']","schema":{"type":"array","items":{"type":"object","properties":{"name":{"type":"string"},"link":{"type":"string"},"id":{"type":"string"},"type":{},"size":{"type":"integer"},"referenceId":{"type":"string"},"driveId":{"type":"string"},"status":{"type":"integer"},"uploadSessionUrl":{}},"required":["name","link","id","type","size","referenceId","driveId","status","uploadSessionUrl"]}}}},"For_each":{"foreach":"@body('Analisar_JSON')","actions":{"Obter_metadados_do_arquivo":{"type":"OpenApiConnection","inputs":{"parameters":{"id":"@{items('For_each')['driveId']}.@{items('For_each')['id']}"},"host":{"apiId":"/providers/Microsoft.PowerApps/apis/shared_onedriveforbusiness","connectionName":"shared_onedriveforbusiness","operationId":"GetFileMetadata"},"authentication":"@parameters('$authentication')"}},"Obter_conteúdo_de_arquivo":{"runAfter":{"Obter_metadados_do_arquivo":["Succeeded"]},"type":"OpenApiConnection","inputs":{"parameters":{"id":"@outputs('Obter_metadados_do_arquivo')?['body/Id']","inferContentType":true},"host":{"apiId":"/providers/Microsoft.PowerApps/apis/shared_onedriveforbusiness","connectionName":"shared_onedriveforbusiness","operationId":"GetFileContent"},"authentication":"@parameters('$authentication')"}},"Acrescentar_à_variável_de_matriz":{"runAfter":{"Obter_conteúdo_de_arquivo":["Succeeded"]},"type":"AppendToArrayVariable","inputs":{"name":"Anexo Email","value":{"Name":"@outputs('Obter_metadados_do_arquivo')?['body/Name']","ContentBytes":"@body('Obter_conteúdo_de_arquivo')"}}}},"runAfter":{"Inicializar_variável":["Succeeded"]},"type":"Foreach"},"Inicializar_variável":{"runAfter":{"Analisar_JSON":["Succeeded"]},"type":"InitializeVariable","inputs":{"variables":[{"name":"Anexo Email","type":"array"}]}},"Email_Qualidade":{"runAfter":{"For_each":["Succeeded"]},"type":"OpenApiConnection","inputs":{"parameters":{"emailMessage/To":"qualidade@htmsgroup.com","emailMessage/Subject":"[Email Automático] - Homologação de documentos","emailMessage/Body":"<p>Novo documento enviado por @{body('Obter_os_detalhes_da_resposta')?['responder']}</p><br><p><b><strong>DADOS DA RESPOSTA</strong></b></p><p><span style=\"color: rgb(208, 2, 27); font-size: 18px;\">Urgência: </span>@{body('Obter_os_detalhes_da_resposta')?['r0d22abe44ea745939a6ec4c296eabca7']}</p><p><span style=\"color: rgb(208, 2, 27);\">Justificativa: </span>@{body('Obter_os_detalhes_da_resposta')?['r871ffb1cbbbe4231aba48cc26b82b9f0']}</p><p><span style=\"color: rgb(208, 2, 27);\">Data desejada: </span>@{body('Obter_os_detalhes_da_resposta')?['r93e352c74a4b40af94cbac8840228a60']}</p><br><p><span style=\"color: rgb(74, 144, 226);\">Finalidade do documento:</span> @{body('Obter_os_detalhes_da_resposta')?['rc533279715e6445ab7e7ebd6def7d2fe']}</p><br><p><span style=\"color: rgb(74, 144, 226);\">Tipo</span><span style=\"color: rgb(74, 144, 226);\">:</span> @{body('Obter_os_detalhes_da_resposta')?['rea79c3f4225f4363bb466a935c7527d8']}</p><p><span style=\"color: rgb(74, 144, 226);\">Código:</span> @{body('Obter_os_detalhes_da_resposta')?['r81794c6fb8a54b6eaaf04a62838f55c5']}</p><p><span style=\"color: rgb(74, 144, 226);\">Válido para: </span>@{body('Obter_os_detalhes_da_resposta')?['rb8004a6f1b8346ff9363ea22655662e9']}</p><p><span style=\"color: rgb(74, 144, 226);\">Setor:</span> @{body('Obter_os_detalhes_da_resposta')?['r6019bae508fb48feb36b5d44d3f3b8a3']}</p><p><span style=\"color: rgb(74, 144, 226);\">Sub-setor:</span> @{body('Obter_os_detalhes_da_resposta')?['rdfffed3b013b4cfcb3ce449bd7635f83']}<br><br><span style=\"color: rgb(74, 144, 226);\">Responsável:</span> @{body('Obter_os_detalhes_da_resposta')?['r5f3dab0cd00947beb13e32725b97905f']}</p><p><span style=\"color: rgb(74, 144, 226);\">Revisado por: </span>@{body('Obter_os_detalhes_da_resposta')?['rd1575aefeeaf48529e6e942a778f50d8']}</p><p><span style=\"color: rgb(74, 144, 226);\">Aprovado por:</span> @{body('Obter_os_detalhes_da_resposta')?['rc1458b3edf2143519d0cf3a967edddc9']}</p><br><br>","emailMessage/Attachments":"@variables('Anexo Email')","emailMessage/Importance":"Normal"},"host":{"apiId":"/providers/Microsoft.PowerApps/apis/shared_office365","connectionName":"shared_office365-1","operationId":"SendEmailV2"},"authentication":"@parameters('$authentication')"}}},"outputs":{}},"connectionReferences":{"shared_microsoftforms-1":{"connectionName":"shared-microsoftform-91d4425c-25c0-4bcb-bd8d-7af943e5d34e","source":"Embedded","id":"/providers/Microsoft.PowerApps/apis/shared_microsoftforms","tier":"NotSpecified"},"shared_office365-1":{"connectionName":"shared-office365-f8286a62-f5a5-43db-8d60-045746dc84b2","source":"Embedded","id":"/providers/Microsoft.PowerApps/apis/shared_office365","tier":"NotSpecified"},"shared_onedriveforbusiness":{"connectionName":"shared-onedriveforbu-6e4b002e-063c-4b80-a60c-edba27846cec","source":"Embedded","id":"/providers/Microsoft.PowerApps/apis/shared_onedriveforbusiness","tier":"NotSpecified"}},"flowFailureAlertSubscribed":false,"isManaged":false}}