{"name":"7d650d37-407a-45b6-8024-5746ea625a96","id":"/providers/Microsoft.Flow/flows/7d650d37-407a-45b6-8024-5746ea625a96","type":"Microsoft.Flow/flows","properties":{"apiId":"/providers/Microsoft.PowerApps/apis/shared_logicflows","displayName":"QL - Verificação de Chumbadores e Gabaritos","definition":{"metadata":{"workflowEntityId":null,"processAdvisorMetadata":null,"flowChargedByPaygo":null,"flowclientsuspensionreason":"None","flowclientsuspensiontime":null,"flowclientsuspensionreasondetails":null,"creator":{"id":"7e7b1635-10ed-409b-bf27-14ce62d2645f","type":"User","tenantId":"8f68c836-d6e4-4ccc-8343-9552d43051c8"},"provisioningMethod":"FromDefinition","failureAlertSubscription":true,"clientLastModifiedTime":"2024-11-05T19:59:18.3091119Z","connectionKeySavedTimeKey":"2024-11-05T19:59:18.3091119Z"},"$schema":"https://schema.management.azure.com/providers/Microsoft.Logic/schemas/2016-06-01/workflowdefinition.json#","contentVersion":"1.0.0.0","parameters":{"$authentication":{"defaultValue":{},"type":"SecureObject"},"$connections":{"defaultValue":{},"type":"Object"}},"triggers":{"Quando_uma_nova_resposta_é_enviada":{"splitOn":"@triggerOutputs()?['body/value']","metadata":{"operationMetadataId":"b9f21c2c-fb36-45f9-b060-3ff2b27c5702"},"type":"OpenApiConnectionWebhook","inputs":{"parameters":{"form_id":"Nshoj-TWzEyDQ5VS1DBRyDUWe37tEJtAvycUzmLSZF9UNUVRRVVJN0cyTzNNM1ZWU085RFM5MzJUVi4u"},"host":{"apiId":"/providers/Microsoft.PowerApps/apis/shared_microsoftforms","connectionName":"shared_microsoftforms-1","operationId":"CreateFormWebhook"},"authentication":"@parameters('$authentication')"}}},"actions":{"Obter_os_detalhes_da_resposta":{"runAfter":{},"metadata":{"operationMetadataId":"0c7d3634-cb48-47f0-98d0-79427f119d7d"},"type":"OpenApiConnection","inputs":{"parameters":{"form_id":"Nshoj-TWzEyDQ5VS1DBRyDUWe37tEJtAvycUzmLSZF9UNUVRRVVJN0cyTzNNM1ZWU085RFM5MzJUVi4u","response_id":"@triggerOutputs()?['body/resourceData/responseId']"},"host":{"apiId":"/providers/Microsoft.PowerApps/apis/shared_microsoftforms","connectionName":"shared_microsoftforms-1","operationId":"GetFormResponseById"},"authentication":"@parameters('$authentication')"}},"Inicializar_ArrayUri":{"runAfter":{"Fuso_horário_de_conversão_":["Succeeded"]},"metadata":{"operationMetadataId":"b9abe2c0-b12e-4b17-aa91-3d515868e1e2"},"type":"InitializeVariable","inputs":{"variables":[{"name":"ArrayUri","type":"array"}]}},"Fuso_horário_de_conversão_":{"runAfter":{"Obter_os_detalhes_da_resposta":["Succeeded"]},"metadata":{"operationMetadataId":"ed107533-853b-4659-86f3-a8669be18fbf"},"type":"Expression","kind":"ConvertTimeZone","inputs":{"baseTime":"@body('Obter_os_detalhes_da_resposta')?['submitDate']","sourceTimeZone":"UTC","destinationTimeZone":"E. South America Standard Time","formatString":"g"}},"Try":{"actions":{"Compor":{"metadata":{"operationMetadataId":"89bf4d69-6306-4c2f-afac-0689d155fa09"},"type":"Compose","inputs":"@createArray(body('Obter_os_detalhes_da_resposta')?['r2420b7df350d41febd643a1c75b71dde'],body('Obter_os_detalhes_da_resposta')?['r911568f7e4d247cb87a77ab3777dade4'],body('Obter_os_detalhes_da_resposta')?['r983de0d379c14eb185fe198b36b9a36b'],body('Obter_os_detalhes_da_resposta')?['re6071f0b1cb7470d90bf5338019038a3'],body('Obter_os_detalhes_da_resposta')?['rf05374779cda41c281d82ebc51076332'],body('Obter_os_detalhes_da_resposta')?['ra815aed8841b4e5382891557579ad7f6'],body('Obter_os_detalhes_da_resposta')?['r4805783153024a5f84fe473b1fe416fa'])"},"Aplicar_a_cada":{"foreach":"@outputs('Compor')","actions":{"Analisar_JSON":{"metadata":{"operationMetadataId":"bef5a3e5-73e5-437b-83f5-be65aa61dfc4"},"type":"ParseJson","inputs":{"content":"@item()","schema":{"type":"array","items":{"type":"object","properties":{"name":{"type":"string"},"link":{"type":"string"},"id":{"type":"string"},"type":{},"size":{"type":"integer"},"referenceId":{"type":"string"},"driveId":{"type":"string"},"status":{"type":"integer"},"uploadSessionUrl":{}},"required":["name","link","id","type","size","referenceId","driveId","status","uploadSessionUrl"]}}}},"For_each":{"foreach":"@outputs('Analisar_JSON')['body']","actions":{"Obter_conteúdo_de_arquivo":{"metadata":{"operationMetadataId":"a8eee940-375a-452f-917a-b4091b4a1742"},"type":"OpenApiConnection","inputs":{"parameters":{"id":"@items('For_each')['id']","inferContentType":true},"host":{"apiId":"/providers/Microsoft.PowerApps/apis/shared_onedriveforbusiness","connectionName":"shared_onedriveforbusiness","operationId":"GetFileContent"},"authentication":"@parameters('$authentication')"}},"Acrescentar_à_variável_ao_ArrayUri":{"runAfter":{"Obter_conteúdo_de_arquivo":["Succeeded"]},"metadata":{"operationMetadataId":"6bf40bc4-88a1-489f-ad0d-e732a2511afe"},"type":"AppendToArrayVariable","inputs":{"name":"ArrayUri","value":"@dataUri(body('Obter_conteúdo_de_arquivo'))"}}},"runAfter":{"Analisar_JSON":["Succeeded"]},"metadata":{"operationMetadataId":"fd6c686e-0aae-4d92-906b-e1b7f0ac3710"},"type":"Foreach"}},"runAfter":{"Compor":["Succeeded"]},"metadata":{"operationMetadataId":"d3c91869-3108-4839-9f18-e738b1e2c49d"},"type":"Foreach"},"HTML_com_dados_do_Forms_":{"runAfter":{"Aplicar_a_cada":["Succeeded"]},"metadata":{"operationMetadataId":"e1cf36f9-cbb3-4487-9bff-ea1e6d636728"},"type":"Compose","inputs":"<!DOCTYPE html>\n<html lang=\"pt\">\n<head>\n<meta charset=\"UTF-8\">\n<meta name=\"viewport\" content=\"width=device-width, initial-scale=1.0\">\n<title>Relatório de Auditoria</title>\n<link rel=\"stylesheet\" href=\"https://cdnjs.cloudflare.com/ajax/libs/font-awesome/5.15.1/css/all.min.css\">\n<style>\n    body {\n        font-family: 'Segoe UI', Tahoma, Geneva, Verdana, sans-serif;\n        background-color: #e6f2ff;\n        margin: 0;\n        padding: 0;\n    }\n    .container {\n        max-width: 800px;\n        margin: auto;\n        background-color: #fff;\n        padding: 20px;\n        border-radius: 8px;\n        box-shadow: 0 0 20px rgba(0, 0, 0, 0.05);\n    }\n    h1 {\n        background: linear-gradient(to right, #002060, #003080);\n        color: #fff;\n        padding: 10px 20px;\n        border-radius: 8px 8px 0 0;\n        margin: -20px -20px 20px -20px;\n        box-shadow: 0 8px 6px -6px #999;\n    }\n    h2 {\n        color: #002060;\n        border-bottom: 2px solid #002060;\n        padding-bottom: 3px;\n    }\n    h3 {\n        color: #003080;\n        margin-top: 5px;\n    }\n    p {\n        font-size: 16px;\n        line-height: 1.6;\n        color: #333;\n        overflow-wrap: break-word;\n    }\n    .footer {\n        text-align: center;\n        padding: 10px 20px;\n        background: linear-gradient(to right, #002060, #003080);\n        color: #fff;\n        border-radius: 0 0 8px 8px;\n        margin: 20px -20px -20px -20px;\n        box-shadow: 0 -8px 6px -6px #999;\n    }\n    .icon {\n        color: #002060;\n        margin-right: 5px;\n    }\n</style>\n</head>\n<body>\n<div class=\"container\">\n    <h1>Relatório - Verificação de Chumbadores e Gabaritos</h1>\n\n    <h2>DADOS DA INSPEÇÃO</h2>\n\n    <h2>Data da Inspeção:</h2>\n    <p>@{body('Fuso_horário_de_conversão_')}</p>\n\n    <h2>ID do Site:</h2>\n    <p>@{body('Obter_os_detalhes_da_resposta')?['r51adbdd878724eb988edd5e479b27f25']}</p>\n\n    <h2>Nome do conferente:</h2>\n    <p>@{body('Obter_os_detalhes_da_resposta')?['r1623ee77972d4476aea36e9e96da392f']}</p>\n\n    <h2>Nome do assistente:</h2>\n    <p>@{body('Obter_os_detalhes_da_resposta')?['r6913991ebc4745a7a222ddd091cd4f17']}</p>\n\n    <h2>DADOS DO MATERIAL</h2>\n\n    <h2>Material Haste:</h2>\n    <p>@{body('Obter_os_detalhes_da_resposta')?['r3f17bcb16eb343a6bbda27b8b0fb2576']}</p>\n\n    <h2>Diâmetro das hastes:</h2>\n    <p>@{body('Obter_os_detalhes_da_resposta')?['r6e19a9a502924abeb2ab9338b6474a1b']}</p>\n\n    <h2>PROJETO DO CHUMBADOR</h2>\n\n<tr>\n  <td>\n    <img src='@{variables('ArrayUri')[0]}' style='width: 50%; object-fit: contain'>\n  </td>\n</tr>\n  \n    <h2>CHUMBADOR A</h2>\n\n    <h2>Entre Hastes L1 x L2 x L3 x L4 (mm)</h2>\n    <p>@{body('Obter_os_detalhes_da_resposta')?['rd3a9f9934857447cb40e22cdd7fe55e0']}</p>\n\n    <h2>3 porcas e 1 arruela presentes?</h2>\n    <p>@{body('Obter_os_detalhes_da_resposta')?['r450060b6cbf44a9b82d74f3796e10c15']}</p>\n\n    <h2>Foto - Chumbador A</h2>\n<tr>\n  <td>\n    <img src='@{variables('ArrayUri')[1]}' style='width: 50%; object-fit: contain'>\n  </td>\n</tr>\n\n\n    <h2>CHUMBADOR B</h2>\n\n    <h2>Entre Hastes L1 x L2 x L3 x L4 (mm)</h2>\n    <p>@{body('Obter_os_detalhes_da_resposta')?['rdd52d2c3be76437d831a2723ef3fc57f']}</p>\n\n    <h2>3 porcas e 1 arruela presentes?</h2>\n    <p>@{body('Obter_os_detalhes_da_resposta')?['r43b04dc7177640ec90520182d838fe0d']}</p>\n\n    <h2>Foto - Chumbador B</h2>\n<tr>\n  <td>\n    <img src='@{variables('ArrayUri')[2]}' style='width: 50%; object-fit: contain'>\n  </td>\n</tr>\n\n\n    <h2>CHUMBADOR C</h2>\n\n    <h2>Entre Hastes L1 x L2 x L3 x L4 (mm)</h2>\n    <p>@{body('Obter_os_detalhes_da_resposta')?['rd72d067c760a4f90a30462edab5495f2']}</p>\n\n    <h2>3 porcas e 1 arruela presentes?</h2>\n    <p>@{body('Obter_os_detalhes_da_resposta')?['r2f391042f5b64f9bbf373754e61734b8']}</p>\n\n    <h2>Foto - Chumbador C</h2>\n<tr>\n  <td>\n    <img src='@{variables('ArrayUri')[3]}' style='width: 50%; object-fit: contain'>\n  </td>\n</tr>\n\n\n     <h2>CHUMBADOR D</h2>\n\n    <h2>Entre Hastes L1 x L2 x L3 x L4 (mm)</h2>\n    <p>@{body('Obter_os_detalhes_da_resposta')?['ra75d7949952a43cf8d4e037fd5e31647']}</p>\n\n    <h2>3 porcas e 1 arruela presentes?</h2>\n    <p>@{body('Obter_os_detalhes_da_resposta')?['ra487c70467e441bab8cac59d2699264b']}</p>\n\n    <h2>Foto - Chumbador D</h2>\n<tr>\n  <td>\n    <img src='@{variables('ArrayUri')[4]}' style='width: 50%; object-fit: contain'>\n  </td>\n</tr>\n\n    <h2>KIT PARAFUSOS</h2>\n\n<tr>\n  <td>\n    <img src='@{variables('ArrayUri')[5]}' style='width: 50%; object-fit: contain'>\n  </td>\n</tr>\n\n     <h2>INSPEÇÃO DO GABARITO</h2>\n    <h2>Foto do projeto do gabarito</h2>\n<tr>\n  <td>\n    <img src='@{variables('ArrayUri')[6]}' style='width: 50%; object-fit: contain'>\n  </td>\n</tr>\n\n    <h2>Diagonal A-C(mm)</h2>\n    <p>@{body('Obter_os_detalhes_da_resposta')?['rbbb0ed02d3fa465d9fa84f68013ee923']}</p>\n\n    <h2>Diagonal B-D(mm)</h2>\n    <p>@{body('Obter_os_detalhes_da_resposta')?['rc7bc3232f0e245f68eadca4e4822488d']}</p>\n\n\n    <div class=\"footer\">\n        <p>Relatório gerado em @{body('Fuso_horário_de_conversão_')}</p>\n    </div>\n\n</div>\n</body>\n</html>"},"Criar_arquivo_HTML":{"runAfter":{"HTML_com_dados_do_Forms_":["Succeeded"]},"metadata":{"operationMetadataId":"39eff254-19a8-47a7-826c-d0dc3a859e84"},"type":"OpenApiConnection","inputs":{"parameters":{"folderPath":"/Resposta Chumbadores","name":"@{triggerOutputs()?['body/resourceData/responseId']}.HTML","body":"@outputs('HTML_com_dados_do_Forms_')"},"host":{"apiId":"/providers/Microsoft.PowerApps/apis/shared_onedriveforbusiness","connectionName":"shared_onedriveforbusiness-1","operationId":"CreateFile"},"authentication":"@parameters('$authentication')"},"runtimeConfiguration":{"contentTransfer":{"transferMode":"Chunked"}}},"Obter_conteúdo_de_arquivo_1":{"runAfter":{"Criar_arquivo_HTML":["Succeeded"]},"metadata":{"operationMetadataId":"5e46875c-8145-4533-9223-ad87b6c17c01"},"type":"OpenApiConnection","inputs":{"parameters":{"id":"@outputs('Criar_arquivo_HTML')?['body/Id']","inferContentType":true},"host":{"apiId":"/providers/Microsoft.PowerApps/apis/shared_onedriveforbusiness","connectionName":"shared_onedriveforbusiness-1","operationId":"GetFileContent"},"authentication":"@parameters('$authentication')"}},"Criar_arquivo":{"runAfter":{"Obter_conteúdo_de_arquivo_1":["Succeeded"]},"metadata":{"operationMetadataId":"bb914b5e-f02e-4656-93ad-48aed8162c60"},"type":"OpenApiConnection","inputs":{"parameters":{"dataset":"https://infratelti.sharepoint.com/","folderPath":"/Qualidade/SGQ/CONTROLES/Inspeção-de-Chumbadores-e-Gabaritos/Relatórios-de-Inspeção-de-Chumbadores-e-Gabaritos","name":"@outputs('Criar_arquivo_HTML')?['body/Name']","body":"@body('Obter_conteúdo_de_arquivo_1')"},"host":{"apiId":"/providers/Microsoft.PowerApps/apis/shared_sharepointonline","connectionName":"shared_sharepointonline","operationId":"CreateFile"},"authentication":"@parameters('$authentication')"},"runtimeConfiguration":{"contentTransfer":{"transferMode":"Chunked"}}},"Listar_linhas_presentes_em_uma_tabela":{"runAfter":{"Criar_arquivo":["Succeeded"]},"metadata":{"01IGH2O3GXCFNXUMFIQVA22XT2T247QPD4":"/SGQ/CONTROLES/Inspeção-de-Chumbadores-e-Gabaritos/PC.ID.QL-002_Rev.00_Planilha-de-controle-de-inspeção-de-chumbadores-e-gabaritos-de-torres-quadrangulares.xlsx","tableId":"{890B4E77-9B10-4726-B2E1-18F574041D6E}","operationMetadataId":"9cd77d89-0324-468c-9202-ca99be721e1f"},"type":"OpenApiConnection","inputs":{"parameters":{"source":"sites/infratelti.sharepoint.com,e641b2d2-5d7c-4b7b-9dd8-86f449b82c9d,ad62d650-e468-4a0b-995a-09c0bebc66a2","drive":"b!0rJB5nxde0ud2Ib0SbgsnVDWYq1o5AtKmVoJwL68ZqLoypLhejOoTIUro6mcc2by","file":"01IGH2O3GXCFNXUMFIQVA22XT2T247QPD4","table":"{890B4E77-9B10-4726-B2E1-18F574041D6E}"},"host":{"apiId":"/providers/Microsoft.PowerApps/apis/shared_excelonlinebusiness","connectionName":"shared_excelonlinebusiness","operationId":"GetItems"},"authentication":"@parameters('$authentication')"},"runtimeConfiguration":{"paginationPolicy":{"minimumItemCount":5000}}},"Atualizar_uma_linha":{"runAfter":{"Listar_linhas_presentes_em_uma_tabela":["Succeeded"]},"metadata":{"01IGH2O3GXCFNXUMFIQVA22XT2T247QPD4":"/SGQ/CONTROLES/Inspeção-de-Chumbadores-e-Gabaritos/PC.ID.QL-002_Rev.00_Planilha-de-controle-de-inspeção-de-chumbadores-e-gabaritos-de-torres-quadrangulares.xlsx","tableId":"{890B4E77-9B10-4726-B2E1-18F574041D6E}","operationMetadataId":"3d5b89a4-7e51-45d9-b09e-911b2216ced9"},"type":"OpenApiConnection","inputs":{"parameters":{"source":"sites/infratelti.sharepoint.com,e641b2d2-5d7c-4b7b-9dd8-86f449b82c9d,ad62d650-e468-4a0b-995a-09c0bebc66a2","drive":"b!0rJB5nxde0ud2Ib0SbgsnVDWYq1o5AtKmVoJwL68ZqLoypLhejOoTIUro6mcc2by","file":"01IGH2O3GXCFNXUMFIQVA22XT2T247QPD4","table":"{890B4E77-9B10-4726-B2E1-18F574041D6E}","idColumn":"ID do Site - Limpo","id":"@body('Obter_os_detalhes_da_resposta')?['r51adbdd878724eb988edd5e479b27f25']","item/Nº do Formulário":"@{string(triggerOutputs()?['body/resourceData/responseId'])}"},"host":{"apiId":"/providers/Microsoft.PowerApps/apis/shared_excelonlinebusiness","connectionName":"shared_excelonlinebusiness","operationId":"PatchItem"},"authentication":"@parameters('$authentication')"}},"Enviar_um_email_-_Código_incorreto":{"runAfter":{"Atualizar_uma_linha":["Failed","TimedOut"]},"metadata":{"operationMetadataId":"a97753a0-f4ff-4b7a-8966-cd70b7abbbf9"},"type":"OpenApiConnection","inputs":{"parameters":{"emailMessage/To":"qualidade@infratel.com.br","emailMessage/Subject":"[Email Automático] - Resposta em Formulário de Inspeção de Chumbadores e Gabaritos","emailMessage/Body":"<p class=\"editor-paragraph\">O código do site foi inserido incorretamente.</p><br><p class=\"editor-paragraph\">Favor inserir manualmente o ID da resposta na <a class=\"editor-link\" href=\"https://infratelti.sharepoint.com/:x:/g/EdcRW3owqIVBrV56nrn4PHwBOUGPuZJAMkjg72PyhAROfA?e=gB8Z9a\"><u><span class=\"editor-text-underline\">planilha</span></u></a>. O Relatório já foi salvo na <a class=\"editor-link\" href=\"https://infratelti.sharepoint.com/Qualidade/Forms/AllItems.aspx?isAscending=false&amp;id=%2FQualidade%2FSGQ%2FCONTROLES%2FInspe%C3%A7%C3%A3o%2Dde%2DChumbadores%2De%2DGabaritos%2FRelat%C3%B3rios%2Dde%2DInspe%C3%A7%C3%A3o%2Dde%2DChumbadores%2De%2DGabaritos&amp;sortField=LinkFilename&amp;viewid=af0df274%2D7bba%2D4425%2Da560%2Dce755d2a0d9e\"><u><span class=\"editor-text-underline\">pasta</span></u></a><u><span class=\"editor-text-underline\">.</span></u></p><p class=\"editor-paragraph\"></p><br><p class=\"editor-paragraph\"><b><strong class=\"editor-text-bold\">DADOS DA RESPOSTA</strong></b></p><p class=\"editor-paragraph\">ID Resposta: @{triggerOutputs()?['body/resourceData/responseId']}</p><p class=\"editor-paragraph\">ID Site: @{body('Obter_os_detalhes_da_resposta')?['r51adbdd878724eb988edd5e479b27f25']}</p><p class=\"editor-paragraph\">Conferente: @{body('Obter_os_detalhes_da_resposta')?['r1623ee77972d4476aea36e9e96da392f']}</p><p class=\"editor-paragraph\">Assistente: @{body('Obter_os_detalhes_da_resposta')?['r6913991ebc4745a7a222ddd091cd4f17']}</p><p class=\"editor-paragraph\">Data de conferência: @{body('Fuso_horário_de_conversão_')}</p><p class=\"editor-paragraph\"></p><br><p class=\"editor-paragraph\"><b><strong class=\"editor-text-bold\">Diâmetro das hastes</strong></b></p><p class=\"editor-paragraph\">Diâmetro na planilha: <u><span class=\"editor-text-underline\">Site não localizado</span></u></p><p class=\"editor-paragraph\">Diâmetro inserido (mm): @{body('Obter_os_detalhes_da_resposta')?['r6e19a9a502924abeb2ab9338b6474a1b']}</p><br><p class=\"editor-paragraph\"><b><strong class=\"editor-text-bold\">Diagonais</strong></b></p><p class=\"editor-paragraph\">Diagonal da planilha: <u><span class=\"editor-text-underline\">Site não localizado</span></u></p><p class=\"editor-paragraph\">Tolerância: ±5mm</p><p class=\"editor-paragraph\">Diagonal A-C formulário: @{body('Obter_os_detalhes_da_resposta')?['rbbb0ed02d3fa465d9fa84f68013ee923']}</p><p class=\"editor-paragraph\">Diagonal B-D formulário: @{body('Obter_os_detalhes_da_resposta')?['rc7bc3232f0e245f68eadca4e4822488d']}</p><p class=\"editor-paragraph\"></p><br><p class=\"editor-paragraph\"><b><strong class=\"editor-text-bold\">Entre hastes</strong></b></p><p class=\"editor-paragraph\">Entre hastes da planilha: <u><span class=\"editor-text-underline\">Site não localizado</span></u></p><p class=\"editor-paragraph\">Tolerância: ±3mm</p><p class=\"editor-paragraph\">Chumbador A: @{body('Obter_os_detalhes_da_resposta')?['rd3a9f9934857447cb40e22cdd7fe55e0']}</p><p class=\"editor-paragraph\">Chumbador B: @{body('Obter_os_detalhes_da_resposta')?['rdd52d2c3be76437d831a2723ef3fc57f']}</p><p class=\"editor-paragraph\">Chumbador C: @{body('Obter_os_detalhes_da_resposta')?['rd72d067c760a4f90a30462edab5495f2']}</p><p class=\"editor-paragraph\">Chumbador D: @{body('Obter_os_detalhes_da_resposta')?['ra75d7949952a43cf8d4e037fd5e31647']}</p>","emailMessage/From":"qualidade@htmsgroup.com","emailMessage/Attachments":[{"Name":"@{outputs('Criar_arquivo_HTML')?['body/Name']}","ContentBytes":"@{body('Obter_conteúdo_de_arquivo_1')}"}],"emailMessage/Importance":"Normal"},"host":{"apiId":"/providers/Microsoft.PowerApps/apis/shared_office365","connectionName":"shared_office365","operationId":"SendEmailV2"},"authentication":"@parameters('$authentication')"}},"Condição":{"actions":{"Enviar_um_email_-_Sucesso":{"metadata":{"operationMetadataId":"7e575a45-797c-4a3a-89d3-dab57cbd6ae2"},"type":"OpenApiConnection","inputs":{"parameters":{"emailMessage/To":"qualidade@infratel.com.br","emailMessage/Subject":"[Email Automático] - Resposta em Formulário de Inspeção de Chumbadores e Gabaritos","emailMessage/Body":"<p class=\"editor-paragraph\">Chumbador e Gabarito verificados!</p><p class=\"editor-paragraph\"></p><br><p class=\"editor-paragraph\"><b><strong class=\"editor-text-bold\">DADOS DA RESPOSTA</strong></b></p><p class=\"editor-paragraph\">Data de conferência: @{body('Fuso_horário_de_conversão_')}</p><p class=\"editor-paragraph\">ID Resposta: @{triggerOutputs()?['body/resourceData/responseId']}</p><p class=\"editor-paragraph\">ID Site: @{body('Obter_os_detalhes_da_resposta')?['r51adbdd878724eb988edd5e479b27f25']}</p><p class=\"editor-paragraph\">Conferente: @{body('Obter_os_detalhes_da_resposta')?['r1623ee77972d4476aea36e9e96da392f']}</p><p class=\"editor-paragraph\">Assistente: @{body('Obter_os_detalhes_da_resposta')?['r6913991ebc4745a7a222ddd091cd4f17']}</p><p class=\"editor-paragraph\"></p><br><p class=\"editor-paragraph\"></p><br><p class=\"editor-paragraph\"><b><strong class=\"editor-text-bold\">Diâmetro das hastes</strong></b></p><p class=\"editor-paragraph\">Diâmetro na planilha: @{body('Atualizar_uma_linha')?['Diâmetro da Haste Ø (mm)']}</p><p class=\"editor-paragraph\">Diâmetro inserido (mm): @{body('Obter_os_detalhes_da_resposta')?['r6e19a9a502924abeb2ab9338b6474a1b']}</p><p class=\"editor-paragraph\"></p><br><p class=\"editor-paragraph\"><b><strong class=\"editor-text-bold\">Diagonais</strong></b></p><p class=\"editor-paragraph\">Diagonal planilha: @{body('Atualizar_uma_linha')?['Diagonal do Gabarito (mm)']}</p><p class=\"editor-paragraph\">Tolerância: ±5mm</p><p class=\"editor-paragraph\">Diagonal A-C formulário: @{body('Obter_os_detalhes_da_resposta')?['rbbb0ed02d3fa465d9fa84f68013ee923']}</p><p class=\"editor-paragraph\">Diagonal B-D formulário: @{body('Obter_os_detalhes_da_resposta')?['rc7bc3232f0e245f68eadca4e4822488d']}</p><p class=\"editor-paragraph\"></p><br><p class=\"editor-paragraph\"><b><strong class=\"editor-text-bold\">Entre hastes</strong></b></p><p class=\"editor-paragraph\">Entre hastes da planilha: @{body('Atualizar_uma_linha')?['Entre Hastes L (mm)']}</p><p class=\"editor-paragraph\">Tolerância: ±3mm</p><p class=\"editor-paragraph\">Chumbador A: @{body('Obter_os_detalhes_da_resposta')?['rd3a9f9934857447cb40e22cdd7fe55e0']}</p><p class=\"editor-paragraph\">Chumbador B: @{body('Obter_os_detalhes_da_resposta')?['rdd52d2c3be76437d831a2723ef3fc57f']}</p><p class=\"editor-paragraph\">Chumbador C: @{body('Obter_os_detalhes_da_resposta')?['rd72d067c760a4f90a30462edab5495f2']}</p><p class=\"editor-paragraph\">Chumbador D: @{body('Obter_os_detalhes_da_resposta')?['ra75d7949952a43cf8d4e037fd5e31647']}</p><br><br><p class=\"editor-paragraph\">Resposta salva na pasta.</p><p class=\"editor-paragraph\"><a class=\"editor-link\" href=\"https://infratelti.sharepoint.com/Qualidade/Forms/AllItems.aspx?newTargetListUrl=%2FQualidade&amp;viewpath=%2FQualidade%2FForms%2FAllItems%2Easpx&amp;id=%2FQualidade%2FSGQ%2FCONTROLES%2FInspe%C3%A7%C3%A3o%2Dde%2DChumbadores%2De%2DGabaritos%2FRelat%C3%B3rios%2Dde%2DInspe%C3%A7%C3%A3o%2Dde%2DChumbadores%2De%2DGabaritos&amp;viewid=af0df274%2D7bba%2D4425%2Da560%2Dce755d2a0d9e\"><u><span class=\"editor-text-underline\">Link da resposta</span></u></a></p>","emailMessage/From":"qualidade@htmsgroup.com","emailMessage/Attachments":[{"Name":"@{outputs('Criar_arquivo_HTML')?['body/Name']}","ContentBytes":"@{body('Obter_conteúdo_de_arquivo_1')}"}],"emailMessage/Importance":"Normal"},"host":{"apiId":"/providers/Microsoft.PowerApps/apis/shared_office365","connectionName":"shared_office365","operationId":"SendEmailV2"},"authentication":"@parameters('$authentication')"}}},"runAfter":{"Atualizar_uma_linha":["Succeeded"]},"else":{"actions":{"Enviar_um_email_-_Diametro_não_conforme":{"metadata":{"operationMetadataId":"7e575a45-797c-4a3a-89d3-dab57cbd6ae2"},"type":"OpenApiConnection","inputs":{"parameters":{"emailMessage/To":"qualidade@infratel.com.br","emailMessage/Subject":"[Email Automático] - DIAMÊTRO INCORRETO DO CHUMBADOR","emailMessage/Body":"<p class=\"editor-paragraph\"><b><strong class=\"editor-text-bold\">O diâmetro inserido para as hastes do chumbador difere do valor na planilha de controle!</strong></b></p><p class=\"editor-paragraph\"></p><br><p class=\"editor-paragraph\"><b><strong class=\"editor-text-bold\">DADOS DA RESPOSTA</strong></b></p><p class=\"editor-paragraph\">Data de conferência: @{body('Fuso_horário_de_conversão_')}</p><p class=\"editor-paragraph\">ID Resposta: @{triggerOutputs()?['body/resourceData/responseId']}</p><p class=\"editor-paragraph\">ID Site: @{body('Obter_os_detalhes_da_resposta')?['r51adbdd878724eb988edd5e479b27f25']}</p><p class=\"editor-paragraph\">Conferente: @{body('Obter_os_detalhes_da_resposta')?['r1623ee77972d4476aea36e9e96da392f']}</p><p class=\"editor-paragraph\">Assistente: @{body('Obter_os_detalhes_da_resposta')?['r6913991ebc4745a7a222ddd091cd4f17']}</p><p class=\"editor-paragraph\"></p><br><p class=\"editor-paragraph\"><b><strong style=\"background-color: rgb(208, 2, 27);\" class=\"editor-text-bold\">Diâmetro das hastes</strong></b></p><p class=\"editor-paragraph\">Diâmetro na planilha: @{body('Atualizar_uma_linha')?['Diâmetro da Haste Ø (mm)']}</p><p class=\"editor-paragraph\">Diâmetro inserido (mm): @{body('Obter_os_detalhes_da_resposta')?['r6e19a9a502924abeb2ab9338b6474a1b']}</p><p class=\"editor-paragraph\"></p><br><p class=\"editor-paragraph\"><b><strong class=\"editor-text-bold\">Diagonais</strong></b></p><p class=\"editor-paragraph\">Diagonal planilha: @{body('Atualizar_uma_linha')?['Diagonal do Gabarito (mm)']}</p><p class=\"editor-paragraph\">Tolerância: ±5mm</p><p class=\"editor-paragraph\">Diagonal A-C formulário: @{body('Obter_os_detalhes_da_resposta')?['rbbb0ed02d3fa465d9fa84f68013ee923']}</p><p class=\"editor-paragraph\">Diagonal B-D formulário: @{body('Obter_os_detalhes_da_resposta')?['rc7bc3232f0e245f68eadca4e4822488d']}</p><br><p class=\"editor-paragraph\"><b><strong class=\"editor-text-bold\">Entre hastes</strong></b></p><p class=\"editor-paragraph\">Entre hastes da planilha: @{body('Atualizar_uma_linha')?['Entre Hastes L (mm)']}</p><p class=\"editor-paragraph\">Tolerância: ±3mm</p><p class=\"editor-paragraph\">Chumbador A: @{body('Obter_os_detalhes_da_resposta')?['rd3a9f9934857447cb40e22cdd7fe55e0']}</p><p class=\"editor-paragraph\">Chumbador B: @{body('Obter_os_detalhes_da_resposta')?['rdd52d2c3be76437d831a2723ef3fc57f']}</p><p class=\"editor-paragraph\">Chumbador C: @{body('Obter_os_detalhes_da_resposta')?['rd72d067c760a4f90a30462edab5495f2']}</p><p class=\"editor-paragraph\">Chumbador D: @{body('Obter_os_detalhes_da_resposta')?['ra75d7949952a43cf8d4e037fd5e31647']}</p><p class=\"editor-paragraph\"></p><br><p class=\"editor-paragraph\">Averiguar imediatamente</p><p class=\"editor-paragraph\"></p><br><p class=\"editor-paragraph\">Resposta salva na pasta.</p><p class=\"editor-paragraph\"><a class=\"editor-link\" href=\"https://infratelti.sharepoint.com/Qualidade/Forms/AllItems.aspx?newTargetListUrl=%2FQualidade&amp;viewpath=%2FQualidade%2FForms%2FAllItems%2Easpx&amp;id=%2FQualidade%2FSGQ%2FCONTROLES%2FInspe%C3%A7%C3%A3o%2Dde%2DChumbadores%2De%2DGabaritos%2FRelat%C3%B3rios%2Dde%2DInspe%C3%A7%C3%A3o%2Dde%2DChumbadores%2De%2DGabaritos&amp;viewid=af0df274%2D7bba%2D4425%2Da560%2Dce755d2a0d9e\"><u><span class=\"editor-text-underline\">Link da resposta</span></u></a></p>","emailMessage/From":"qualidade@htmsgroup.com","emailMessage/Attachments":[{"Name":"@{outputs('Criar_arquivo_HTML')?['body/Name']}","ContentBytes":"@{body('Obter_conteúdo_de_arquivo_1')}"}],"emailMessage/Importance":"High"},"host":{"apiId":"/providers/Microsoft.PowerApps/apis/shared_office365","connectionName":"shared_office365","operationId":"SendEmailV2"},"authentication":"@parameters('$authentication')"}}}},"expression":{"and":[{"equals":["@body('Obter_os_detalhes_da_resposta')?['r6e19a9a502924abeb2ab9338b6474a1b']","@body('Atualizar_uma_linha')?['Diâmetro da Haste Ø (mm)']"]}]},"metadata":{"operationMetadataId":"35880b85-7d9a-419f-8e07-193e6bd4658f"},"type":"If"},"Terminar":{"runAfter":{"Enviar_um_email_-_Código_incorreto":["Succeeded"]},"metadata":{"operationMetadataId":"377d8f22-24f6-41b8-9b2b-4a83645b5ba6"},"type":"Terminate","inputs":{"runStatus":"Succeeded"}}},"runAfter":{"Inicializar_ArrayUri":["Succeeded"]},"metadata":{"operationMetadataId":"f4f04225-6cb6-417e-a85b-ed07cf38b1be"},"type":"Scope"},"Catch":{"actions":{"Matriz_do_filtro":{"metadata":{"operationMetadataId":"ec40a0bd-0a1f-4aac-b8a0-eab1c450119c"},"type":"Query","inputs":{"from":"@result('Try')","where":"@or(equals(item()?['Status'], 'Failed'),equals(item()?['Status'], 'TimedOut'))\n"}},"Criar_Tabela_HTML":{"runAfter":{"Matriz_do_filtro":["Succeeded"]},"metadata":{"operationMetadataId":"395a88e2-3b9b-4ec1-a705-52ca3d981de8"},"type":"Table","inputs":{"from":"@body('Matriz_do_filtro')","format":"HTML","columns":[{"header":"Action","value":"@item()?['name']"},{"header":"Status","value":"@item()?['Status']"},{"header":"ErrorMessage","value":"@item()?['error']?['message']"}]}},"Enviar_um_email_(V2)":{"runAfter":{"Criar_Tabela_HTML":["Succeeded"]},"metadata":{"operationMetadataId":"b76c42fb-f8f3-4cab-baaf-66fb89c244d9"},"type":"OpenApiConnection","inputs":{"parameters":{"emailMessage/To":"qualidade@infratel.com.br","emailMessage/Subject":"Erro na execução do fluxo - [QL - Verificação de Chumbadores e Gabaritos]","emailMessage/Body":"<p class=\"editor-paragraph\">@{body('Criar_Tabela_HTML')}</p><p class=\"editor-paragraph\"><a href=\"https://\" class=\"editor-link\"><br></a><a href=\"https://\" class=\"editor-link\">Fluxo em que houve o erro</a></p>","emailMessage/Importance":"Normal"},"host":{"apiId":"/providers/Microsoft.PowerApps/apis/shared_office365","connectionName":"shared_office365","operationId":"SendEmailV2"},"authentication":"@parameters('$authentication')"}},"Terminar_1":{"runAfter":{"Enviar_um_email_(V2)":["Succeeded"]},"metadata":{"operationMetadataId":"8c78bfef-6cd0-460a-8b94-b15db13ae3b7"},"type":"Terminate","inputs":{"runStatus":"Failed"}}},"runAfter":{"Try":["TimedOut","Failed"]},"metadata":{"operationMetadataId":"8dbfd60d-31d0-4d06-b5a9-0c2ba39d7b2b"},"type":"Scope"}},"outputs":{}},"connectionReferences":{"shared_microsoftforms-1":{"connectionName":"shared-microsoftform-91d4425c-25c0-4bcb-bd8d-7af943e5d34e","source":"Embedded","id":"/providers/Microsoft.PowerApps/apis/shared_microsoftforms","tier":"NotSpecified"},"shared_onedriveforbusiness":{"connectionName":"shared-onedriveforbu-38bd33b8-b126-4b68-b542-9addaecc59b3","source":"Embedded","id":"/providers/Microsoft.PowerApps/apis/shared_onedriveforbusiness","tier":"NotSpecified"},"shared_onedriveforbusiness-1":{"connectionName":"shared-onedriveforbu-6e4b002e-063c-4b80-a60c-edba27846cec","source":"Embedded","id":"/providers/Microsoft.PowerApps/apis/shared_onedriveforbusiness","tier":"NotSpecified"},"shared_sharepointonline":{"connectionName":"shared-sharepointonl-5496cddd-fab6-4e4e-b867-605309ece3e7","source":"Embedded","id":"/providers/Microsoft.PowerApps/apis/shared_sharepointonline","tier":"NotSpecified"},"shared_excelonlinebusiness":{"connectionName":"shared-excelonlinebu-0b83d214-2ff4-4e48-998d-42d62c32bc76","source":"Embedded","id":"/providers/Microsoft.PowerApps/apis/shared_excelonlinebusiness","tier":"NotSpecified"},"shared_office365":{"connectionName":"shared-office365-4d4ac0ca-c307-4a95-a535-28cef15b263c","source":"Embedded","id":"/providers/Microsoft.PowerApps/apis/shared_office365","tier":"NotSpecified"}},"flowFailureAlertSubscribed":false,"isManaged":false}}