{"name":"d0b260c8-e6f4-4dc1-b2d6-4ebc11c98b84","id":"/providers/Microsoft.Flow/flows/d0b260c8-e6f4-4dc1-b2d6-4ebc11c98b84","type":"Microsoft.Flow/flows","properties":{"apiId":"/providers/Microsoft.PowerApps/apis/shared_logicflows","displayName":"Controle de Galvanização","definition":{"metadata":{"workflowEntityId":null,"processAdvisorMetadata":null,"flowChargedByPaygo":null,"flowclientsuspensionreason":"None","flowclientsuspensiontime":null,"flowclientsuspensionreasondetails":null,"creator":{"id":"7e7b1635-10ed-409b-bf27-14ce62d2645f","type":"User","tenantId":"8f68c836-d6e4-4ccc-8343-9552d43051c8"},"provisioningMethod":"FromDefinition","failureAlertSubscription":true,"clientLastModifiedTime":"2024-11-21T11:25:20.290041Z","connectionKeySavedTimeKey":"2024-11-21T11:25:20.290041Z"},"$schema":"https://schema.management.azure.com/providers/Microsoft.Logic/schemas/2016-06-01/workflowdefinition.json#","contentVersion":"undefined","parameters":{"$authentication":{"defaultValue":{},"type":"SecureObject"},"$connections":{"defaultValue":{},"type":"Object"}},"triggers":{"manual":{"type":"Request","kind":"PowerAppV2","inputs":{"schema":{"type":"object","properties":{"text":{"description":"","title":"JSON","type":"string","x-ms-content-hint":"TEXT","x-ms-dynamically-added":true},"number":{"description":"Please enter a number","title":"OC","type":"number","x-ms-content-hint":"NUMBER","x-ms-dynamically-added":true},"text_1":{"description":"Please enter your input","title":"Fornecedor","type":"string","x-ms-content-hint":"TEXT","x-ms-dynamically-added":true},"text_2":{"description":"Please enter your input","title":"Comentario geral","type":"string","x-ms-content-hint":"TEXT","x-ms-dynamically-added":true},"text_3":{"description":"Please enter your input","title":"Data Saida","type":"string","x-ms-content-hint":"TEXT","x-ms-dynamically-added":true},"boolean":{"description":"Please select yes or no","title":"ÉNovoRegistro","type":"boolean","x-ms-content-hint":"BOOLEAN","x-ms-dynamically-added":true},"text_4":{"description":"Please enter your input","title":"Emissor","type":"string","x-ms-content-hint":"TEXT","x-ms-dynamically-added":true},"text_5":{"description":"Please enter your input","title":"NotaEnvio","type":"string","x-ms-content-hint":"TEXT","x-ms-dynamically-added":true},"text_6":{"description":"Please enter your input","title":"PesoEstim","type":"string","x-ms-content-hint":"TEXT","x-ms-dynamically-added":true}},"required":["text","number","text_1","text_3","boolean","text_4"]}}}},"actions":{"Initialize_variable_StringHTML":{"runAfter":{},"type":"InitializeVariable","inputs":{"variables":[{"name":"StringHTML","type":"string"}]}},"É_uma_nova_ordem_de_carga":{"actions":{"Email_novo":{"runAfter":{"Texto_HTML_novo":["Succeeded"]},"type":"OpenApiConnection","inputs":{"parameters":{"emailMessage/To":"guilherme.contar@infratel.com.br","emailMessage/Subject":"Nova ordem de carga: @{triggerBody()?['number']}","emailMessage/Body":"<p class=\"editor-paragraph\">Olá,</p><br><p class=\"editor-paragraph\">Uma nova ordem de carga para galvanização foi criada. Detalhes abaixo.</p><br><p class=\"editor-paragraph\"><b><strong class=\"editor-text-bold\">OC: </strong></b>@{triggerBody()?['number']}</p><p class=\"editor-paragraph\"><b><strong class=\"editor-text-bold\">Emissor: </strong></b>@{triggerBody()?['text_4']}</p><p class=\"editor-paragraph\"><b><strong class=\"editor-text-bold\">Fornecedor: </strong></b>@{triggerBody()?['text_1']}</p><p class=\"editor-paragraph\"><b><strong class=\"editor-text-bold\">Data de saída: </strong></b>@{triggerBody()?['text_3']}</p><p class=\"editor-paragraph\"><b><strong class=\"editor-text-bold\">Nota fiscal: </strong></b>@{triggerBody()?['text_5']}</p><p class=\"editor-paragraph\"><b><strong class=\"editor-text-bold\">Peso total estimado: </strong></b>@{triggerBody()?['text_6']}<b><strong class=\"editor-text-bold\"> </strong></b>kg</p><p class=\"editor-paragraph\"><b><strong class=\"editor-text-bold\">Comentário: </strong></b>@{triggerBody()?['text_2']}</p><br><p class=\"editor-paragraph\"><b><strong class=\"editor-text-bold\">Material:</strong></b></p><p class=\"editor-paragraph\">@{outputs('Texto_HTML_novo')}</p>","emailMessage/Importance":"Normal"},"host":{"apiId":"/providers/Microsoft.PowerApps/apis/shared_office365","connectionName":"shared_office365","operationId":"SendEmailV2"},"authentication":{"value":"@json(decodeBase64(triggerOutputs().headers['X-MS-APIM-Tokens']))['$ConnectionKey']","type":"Raw"}}},"Parse_JSON_novo":{"type":"ParseJson","inputs":{"content":"@triggerBody()?['text']","schema":{"type":"array","items":{"type":"object","properties":{"Coment_x00e1_rio":{},"Dataderetorno":{},"Descri_x00e7__x00e3_o":{"type":"object","properties":{"Value":{"type":"string"}}},"Lote":{"type":"string"},"Status":{"type":"object","properties":{"Value":{"type":"string"}}}},"required":[]}}}},"Select":{"runAfter":{"Parse_JSON_novo":["Succeeded"]},"type":"Select","inputs":{"from":"@body('Parse_JSON_novo')","select":{"Lote":"@item()?['Lote']","Descri_x00e7__x00e3_o":"@item()?['Descri_x00e7__x00e3_o']?['Value']","Status":"@item()?['Status']['Value']","Dataderetorno":"@if(empty(item()?['Dataderetorno']), '', formatDateTime(item()?['Dataderetorno'],'dd/MM/yyyy'))\r\n","Coment_x00e1_rio":"@item()?['Coment_x00e1_rio']"}}},"For_each":{"foreach":"@outputs('Select')['body']","actions":{"Append_to_string_variable":{"type":"AppendToStringVariable","inputs":{"name":"StringHTML","value":"<tr><td>@{string(item()?['Lote'])}</td><td>@{string(item()?['Descri_x00e7__x00e3_o'])}</td><td>@{string(item()?['Status'])}</td><td>@{string(item()?['Dataderetorno'])}</td><td>@{string(item()?['Coment_x00e1_rio'])}</td></tr>"}}},"runAfter":{"Select":["Succeeded"]},"type":"Foreach"},"Texto_HTML_novo":{"runAfter":{"For_each":["Succeeded"]},"type":"Compose","inputs":"<table border=\"1\" cellspacing=\"0\" cellpadding=\"5\" style=\"text-align: center; border-collapse: collapse; width: 100%;\">\n  <thead>\n    <tr>\n      <th style=\"font-weight: bold;\">Lote</th>\n      <th style=\"font-weight: bold;\">Descrição</th>\n      <th style=\"font-weight: bold;\">Status</th>\n      <th style=\"font-weight: bold;\">Data de Retorno</th>\n      <th style=\"font-weight: bold;\">Comentário</th>\n    </tr>\n  </thead>\n  <tbody>\n@{variables('StringHTML')}\n  </tbody>\n</table>"}},"runAfter":{"Initialize_variable_StringHTML":["Succeeded"]},"else":{"actions":{"Email_edição":{"runAfter":{"Texto_HTML_edicao":["Succeeded"]},"type":"OpenApiConnection","inputs":{"parameters":{"emailMessage/To":"guilherme.contar@infratel.com.br","emailMessage/Subject":"Atualização na ordem de carga: @{triggerBody()?['number']}","emailMessage/Body":"<p class=\"editor-paragraph\">Olá,</p><br><p class=\"editor-paragraph\">A ordem de carga foi atualizada. Detalhes abaixo:</p><br><p class=\"editor-paragraph\"><b><strong class=\"editor-text-bold\">OC: </strong></b>@{triggerBody()?['number']}</p><p class=\"editor-paragraph\"><b><strong class=\"editor-text-bold\">Emissor: </strong></b>@{triggerBody()?['text_4']}</p><p class=\"editor-paragraph\"><b><strong class=\"editor-text-bold\">Fornecedor: </strong></b>@{triggerBody()?['text_1']}</p><p class=\"editor-paragraph\"><b><strong class=\"editor-text-bold\">Data de saída: </strong></b>@{triggerBody()?['text_3']}</p><p class=\"editor-paragraph\"><b><strong class=\"editor-text-bold\">Nota fiscal: </strong></b>@{triggerBody()?['text_5']}</p><p class=\"editor-paragraph\"><b><strong class=\"editor-text-bold\">Peso total estimado: </strong></b>@{triggerBody()?['text_6']} kg</p><p class=\"editor-paragraph\"><b><strong class=\"editor-text-bold\">Comentário: </strong></b>@{triggerBody()?['text_2']}</p><br><p class=\"editor-paragraph\"><b><strong class=\"editor-text-bold\">Material:</strong></b></p><p class=\"editor-paragraph\">@{outputs('Texto_HTML_edicao')}</p>","emailMessage/Importance":"Normal"},"host":{"apiId":"/providers/Microsoft.PowerApps/apis/shared_office365","connectionName":"shared_office365","operationId":"SendEmailV2"},"authentication":{"value":"@json(decodeBase64(triggerOutputs().headers['X-MS-APIM-Tokens']))['$ConnectionKey']","type":"Raw"}}},"Parse_JSON_edicao":{"type":"ParseJson","inputs":{"content":"@triggerBody()?['text']","schema":{"type":"array","items":{"type":"object","properties":{"Author":{"type":"object","properties":{"Claims":{"type":"string"},"Department":{},"DisplayName":{"type":"string"},"Email":{"type":"string"},"JobTitle":{},"Picture":{"type":"string"}}},"Coment_x00e1_rio":{},"Created":{"type":"string"},"Datadeemiss_x00e3_o":{"type":"string"},"Datadesaida":{"type":"string"},"Descri_x00e7__x00e3_o":{"type":"object","properties":{"Value":{"type":"string"}}},"Editor":{"type":"object","properties":{"Claims":{"type":"string"},"Department":{},"DisplayName":{"type":"string"},"Email":{"type":"string"},"JobTitle":{},"Picture":{"type":"string"}}},"Fornecedor":{"type":"object","properties":{"Value":{"type":"string"}}},"ID":{"type":"integer"},"Lote":{"type":"string"},"Modified":{"type":"string"},"Ordemdecarga":{"type":"integer"},"Principal":{"type":"boolean"},"Status":{"type":"object","properties":{"Value":{"type":"string"}}},"{FilenameWithExtension}":{"type":"string"},"{FullPath}":{"type":"string"},"{HasAttachments}":{"type":"boolean"},"{Identifier}":{"type":"string"},"{IsFolder}":{"type":"boolean"},"{Link}":{"type":"string"},"{Name}":{"type":"string"},"{Path}":{"type":"string"},"{Thumbnail}":{"type":"object","properties":{"Large":{},"Medium":{},"Small":{}}},"{VersionNumber}":{"type":"string"}},"required":[]}}}},"Select_edicao":{"runAfter":{"Parse_JSON_edicao":["Succeeded"]},"type":"Select","inputs":{"from":"@body('Parse_JSON_edicao')","select":{"Lote":"@item()?['Lote']","Descri_x00e7__x00e3_o":"@item()?['Descri_x00e7__x00e3_o']?['Value']","Status":"@item()?['Status']['Value']","Dataderetorno":"@if(empty(item()?['Dataderetorno']), '', formatDateTime(item()?['Dataderetorno'],'dd/MM/yyyy'))\r\n","Coment_x00e1_rio":"@item()?['Coment_x00e1_rio']"}}},"For_each-copy":{"foreach":"@body('Select_edicao')","actions":{"Append_to_string_variable_1":{"type":"AppendToStringVariable","inputs":{"name":"StringHTML","value":"<tr><td>@{string(item()?['Lote'])}</td><td>@{string(item()?['Descri_x00e7__x00e3_o'])}</td><td>@{string(item()?['Status'])}</td><td>@{string(item()?['Dataderetorno'])}</td><td>@{string(item()?['Coment_x00e1_rio'])}</td></tr>"}}},"runAfter":{"Select_edicao":["Succeeded"]},"type":"Foreach"},"Texto_HTML_edicao":{"runAfter":{"For_each-copy":["Succeeded"]},"type":"Compose","inputs":"<table border=\"1\" cellspacing=\"0\" cellpadding=\"5\" style=\"text-align: center; border-collapse: collapse; width: 100%;\">\n  <thead>\n    <tr>\n      <th style=\"font-weight: bold;\">Lote</th>\n      <th style=\"font-weight: bold;\">Descrição</th>\n      <th style=\"font-weight: bold;\">Status</th>\n      <th style=\"font-weight: bold;\">Data de Retorno</th>\n      <th style=\"font-weight: bold;\">Comentário</th>\n    </tr>\n  </thead>\n  <tbody>\n@{variables('StringHTML')}\n  </tbody>\n</table>"}}},"expression":{"and":[{"equals":["@triggerBody()?['boolean']","@true"]}]},"type":"If"}}},"connectionReferences":{"shared_office365":{"connectionName":"shared-office365-f8286a62-f5a5-43db-8d60-045746dc84b2","source":"Invoker","id":"/providers/Microsoft.PowerApps/apis/shared_office365","tier":"NotSpecified"}},"flowFailureAlertSubscribed":false,"isManaged":false}}