{"schemaVersion":"1.0","appDefinitionTemplate":{"id":"/providers/Microsoft.PowerApps/apps/","type":"Microsoft.PowerApps/apps","tags":{"primaryDeviceWidth":"640","primaryDeviceHeight":"1136","supportsPortrait":"true","supportsLandscape":"false","primaryFormFactor":"Phone","showStatusBar":"false","publisherVersion":"3.24104.14","minimumRequiredApiVersion":"2.2.0","hasComponent":"false","hasUnlockedComponent":"false","isUnifiedRootApp":"false","sienaVersion":"20241106T144936Z-3.24104.14.0"},"properties":{"appVersion":"2024-11-06T14:49:36Z","lifeCycleId":"Published","createdByClientVersion":{"major":3,"minor":24104,"build":14,"revision":0,"majorRevision":0,"minorRevision":0},"minClientVersion":{"major":3,"minor":24104,"build":14,"revision":0,"majorRevision":0,"minorRevision":0},"backgroundColor":"RGBA(0,176,240,1)","backgroundImageUri":"/5299610444668096254/N9f52cb3f-f8cb-4fc6-b3df-6c94325b6f2e-logoSmallFile","displayName":"Controle de Galvanização","description":"","commitMessage":"","appUris":{"documentUri":{"value":"/5299610444668096254/N6b20d942-7ac8-406d-b0e6-d0ba2cf0095c-document.msapp"},"imageUris":[],"additionalUris":[{"isSolutionAware":false,"value":"/5299610444668096254/Nbcec7b12-c3cd-4c07-b185-0be07720c253-identity.json"}]},"createdTime":"0001-01-01T00:00:00Z","lastModifiedTime":"0001-01-01T00:00:00Z","sharedGroupsCount":0,"sharedUsersCount":0,"connectionReferences":{"0bfd2f7d-ec4d-4aab-9fe4-a8ba76c9ee1c":{"id":"20934a59-1d47-4365-9b30-1eaf492240fa","displayName":"SharePoint","iconUri":"https://connectoricons-prod.azureedge.net/u/jayawan/releases/v1.0.1697/1.0.1697.3786/sharepointonline/icon.png","dataSources":["Controle de Galvanização"],"dependencies":[],"dependents":[],"parameterHints":{},"parameterHintsV2":{},"isOnPremiseConnection":false,"bypassConsent":false,"dataSets":{"https://infratelti.sharepoint.com/":{"dataSources":{"Controle de Galvanização":{"tableName":"1c194c1d-300e-45f0-a24d-1cc8b8ee7b16"}}}},"apiTier":"Standard","isCustomApiConnection":false,"actions":["providers/PowerPlatform.Governance/Operations/Read","providers/PowerPlatform.Governance/Operations/Write","providers/PowerPlatform.Governance/Operations/Delete"]},"14ac3b4b-2139-4ef2-97ad-248e3ddc376f":{"id":"a2c0520c-b2c4-4208-a6b0-b0e39efc3986","displayName":"Fluxos lógicos","iconUri":"https://connectoricons-prod.azureedge.net/releases/v1.0.1719/1.0.1719.3955/logicflows/icon.png","dataSources":["ControledeGalvanização"],"dependencies":["16f60257-5dee-440d-9aff-02987b739ed8"],"dependents":[],"parameterHints":{"workflowName":{"value":"29028220-1353-4458-ba72-1bb18f5a5cd9"},"workflowEntityId":{},"workflowDisplayName":{"value":"Controle de Galvanização"},"16f60257-5dee-440d-9aff-02987b739ed8":{"value":"shared_office365"}},"parameterHintsV2":{"workflowName":{"value":"29028220-1353-4458-ba72-1bb18f5a5cd9"},"workflowEntityId":{},"workflowDisplayName":{"value":"Controle de Galvanização"},"shared_office365":{"value":"16f60257-5dee-440d-9aff-02987b739ed8"}},"isOnPremiseConnection":false,"bypassConsent":false,"dataSets":{},"apiTier":"Standard","isCustomApiConnection":false,"actions":["Run"],"nestedActions":[{"id":"/providers/Microsoft.PowerApps/apis/shared_office365/apiOperations/SendEmailV2","apiName":"Office 365 Outlook","actionName":"SendEmailV2","referencedResources":[]}]},"16f60257-5dee-440d-9aff-02987b739ed8":{"id":"2190bc66-ce02-4024-a402-7535e91086b9","displayName":"Office 365 Outlook","iconUri":"https://connectoricons-prod.azureedge.net/releases/v1.0.1716/1.0.1716.3922/office365/icon.png","dataSources":[],"dependencies":[],"dependents":["14ac3b4b-2139-4ef2-97ad-248e3ddc376f"],"parameterHints":{},"parameterHintsV2":{},"isOnPremiseConnection":false,"bypassConsent":false,"dataSets":{},"apiTier":"Standard","isCustomApiConnection":false}},"databaseReferences":{},"almMode":"Environment","performanceOptimizationEnabled":true,"canConsumeAppPass":false,"enableModernRuntimeMode":false,"executionRestrictions":{"isTeamsOnly":false,"dataLossPreventionEvaluationResult":{"status":"Compliant","lastEvaluationDate":"2024-11-06T14:49:45.1491508Z","violations":[],"violationsByPolicy":[],"violationErrorMessage":"O aplicativo usa os seguintes conectores: shared_sharepointonline, shared_logicflows, shared_office365."},"httpActionRestriction":{"appUsesSharepointHttpAction":false,"enforcementStrategy":"Legacy","evaluationTime":"2024-11-06T14:49:45.1490349Z"}}},"appType":"ClassicCanvasApp","appComponents":[]}}