{"name":"d34a11ca-7ea2-4bdf-959e-c3d6a86ad850","id":"/providers/Microsoft.Flow/flows/d34a11ca-7ea2-4bdf-959e-c3d6a86ad850","type":"Microsoft.Flow/flows","properties":{"apiId":"/providers/Microsoft.PowerApps/apis/shared_logicflows","displayName":"ALM - Rastreio de Matéria-Prima","definition":{"metadata":{"workflowEntityId":null,"processAdvisorMetadata":null,"flowChargedByPaygo":null,"flowclientsuspensionreason":"None","flowclientsuspensiontime":null,"flowclientsuspensionreasondetails":null,"creator":{"id":"7e7b1635-10ed-409b-bf27-14ce62d2645f","type":"User","tenantId":"8f68c836-d6e4-4ccc-8343-9552d43051c8"},"provisioningMethod":"FromDefinition","failureAlertSubscription":true,"clientLastModifiedTime":"2024-08-30T17:12:15.969101Z","connectionKeySavedTimeKey":"2024-08-30T17:12:15.969101Z"},"$schema":"https://schema.management.azure.com/providers/Microsoft.Logic/schemas/2016-06-01/workflowdefinition.json#","contentVersion":"1.0.0.0","parameters":{"$authentication":{"defaultValue":{},"type":"SecureObject"},"$connections":{"defaultValue":{},"type":"Object"}},"triggers":{"Quando_uma_nova_resposta_é_enviada":{"splitOn":"@triggerOutputs()?['body/value']","type":"OpenApiConnectionWebhook","inputs":{"parameters":{"form_id":"Nshoj-TWzEyDQ5VS1DBRyDUWe37tEJtAvycUzmLSZF9UNldCRTBCQ1E0QkNCTEVDTzBOSkRKRzVUSS4u"},"host":{"apiId":"/providers/Microsoft.PowerApps/apis/shared_microsoftforms","connectionName":"shared_microsoftforms-1","operationId":"CreateFormWebhook"},"authentication":"@parameters('$authentication')"}}},"actions":{"Try":{"actions":{"Cria_a_linha_na_planilha_do_Almox":{"metadata":{"01IGH2O3GPQIM3KMVMBBD2M7IH4XVLV4M4":"/Controles Almoxarifado/Planilha de Controle de Rastreio de Matéria-Prima.xlsx","tableId":"{EA0B897F-5FAB-4170-BD0D-A0107638713B}"},"type":"OpenApiConnection","inputs":{"parameters":{"source":"sites/infratelti.sharepoint.com,e641b2d2-5d7c-4b7b-9dd8-86f449b82c9d,ad62d650-e468-4a0b-995a-09c0bebc66a2","drive":"b!0rJB5nxde0ud2Ib0SbgsnVDWYq1o5AtKmVoJwL68ZqIbKF7HTHErSZ3PMmoUpWaC","file":"01IGH2O3GPQIM3KMVMBBD2M7IH4XVLV4M4","table":"{EA0B897F-5FAB-4170-BD0D-A0107638713B}","item/NR":"@{variables('Valor_NR')}","item/ID Forms":"@{triggerOutputs()?['body/resourceData/responseId']}","item/Data e Horário":"@body('Fuso_horário_de_conversão')","item/Código Sankhya":"@body('Obter_os_detalhes_da_resposta')?['r6b1407f854064e5a998817af1dd53043']","item/Material de Cliente?":"@body('Obter_os_detalhes_da_resposta')?['r7ee1e2678f1b411681584714edaf7a61']","item/Nome do Cliente":"@body('Obter_os_detalhes_da_resposta')?['r9d67b05c687c40548636cf326a8a4a81']","item/Fornecedor":"@body('Obter_os_detalhes_da_resposta')?['rfce07cd86fb8473f8652e090af77d34c']","item/Nº Nota Fiscal":"@body('Obter_os_detalhes_da_resposta')?['rf4d2d56022084575bce42a3df66101f1']","item/Tem Certificado de Qualidade?":"@body('Obter_os_detalhes_da_resposta')?['ra2a61fcd2b734929be4dd3d66104ee66']","item/Nº Certificado de Qualidade":"@body('Obter_os_detalhes_da_resposta')?['r937a07f8bfa3413fa05cc7c464a0f68d']","item/Corrida do Aço":"@body('Obter_os_detalhes_da_resposta')?['r330aec3000b8447e959ba5bb14e3ae1b']","item/Quantidade de Fardos":"@body('Obter_os_detalhes_da_resposta')?['r6945770545ae4cee956b833d9576c203']"},"host":{"apiId":"/providers/Microsoft.PowerApps/apis/shared_excelonlinebusiness","connectionName":"shared_excelonlinebusiness","operationId":"AddRowV2"},"authentication":"@parameters('$authentication')"}},"Listar_pasta":{"runAfter":{"Cria_a_linha_na_planilha_do_Almox":["Succeeded"]},"metadata":{"%252fQualidade%252fSGQ%252fCONTROLES%252fCertificados-de-Qualidade-de-Materiais%252fCertificado-de-Qualidade_Mat%25c3%25a9ria-Prima%252f2024%252fEnviados%2bdigitalmente":"/Qualidade/SGQ/CONTROLES/Certificados-de-Qualidade-de-Materiais/Certificado-de-Qualidade_Matéria-Prima/2024/Enviados digitalmente"},"type":"OpenApiConnection","inputs":{"parameters":{"dataset":"https://infratelti.sharepoint.com/","id":"%252fQualidade%252fSGQ%252fCONTROLES%252fCertificados-de-Qualidade-de-Materiais%252fCertificado-de-Qualidade_Mat%25c3%25a9ria-Prima%252f2024%252fEnviados%2bdigitalmente"},"host":{"apiId":"/providers/Microsoft.PowerApps/apis/shared_sharepointonline","connectionName":"shared_sharepointonline","operationId":"ListFolder"},"authentication":"@parameters('$authentication')"}},"Filtra_a_lista_com_o_N°_da_nota":{"runAfter":{"Listar_pasta":["Succeeded"]},"type":"Query","inputs":{"from":"@body('Listar_pasta')","where":"@equals(item()?['Name'],concat(body('Obter_os_detalhes_da_resposta')?['rf4d2d56022084575bce42a3df66101f1'],'.pdf'))"}},"Verif_se_a_matriz_filtrada_é_vazia_":{"actions":{"Verifica_se_a_ultima_nota_é_do_mesmo_número_e_se_não_tem_cert_fisico":{"actions":{"Enviar_um_email":{"type":"OpenApiConnection","inputs":{"parameters":{"emailMessage/To":"sgq@htmsgroup.com","emailMessage/Subject":"Certificado de Qualidade faltante","emailMessage/Body":"<p>Olá.</p><p>Material foi entregue no almoxarifado sem Certificado de Qualidade.</p><br><p>Fornecedor: @{body('Obter_os_detalhes_da_resposta')?['rfce07cd86fb8473f8652e090af77d34c']}</p><p>Nota Fiscal: NF@{body('Obter_os_detalhes_da_resposta')?['rf4d2d56022084575bce42a3df66101f1']}</p><br><p>Favor solicitar o envio do mesmo ao fornecedor.</p>","emailMessage/From":"qualidade@htmsgroup.com","emailMessage/Cc":"sgq@htmsgroup.com; compras@htmsgroup.com","emailMessage/Importance":"Normal"},"host":{"apiId":"/providers/Microsoft.PowerApps/apis/shared_office365","connectionName":"shared_office365-1","operationId":"SendEmailV2"},"authentication":"@parameters('$authentication')"}}},"else":{"actions":{}},"expression":{"and":[{"not":{"equals":["@outputs('Extrai_a_última_linha_da_planilha')?['Nº Nota Fiscal']","@body('Obter_os_detalhes_da_resposta')?['rf4d2d56022084575bce42a3df66101f1']"]}},{"equals":["@body('Obter_os_detalhes_da_resposta')?['ra2a61fcd2b734929be4dd3d66104ee66']","Não"]}]},"type":"If"}},"runAfter":{"Filtra_a_lista_com_o_N°_da_nota":["Succeeded"]},"else":{"actions":{"Se_tem_nota_física":{"actions":{"For_each":{"foreach":"@outputs('Filtra_a_lista_com_o_N°_da_nota')['body']","actions":{"Excluir_arquivo":{"type":"OpenApiConnection","inputs":{"parameters":{"dataset":"https://infratelti.sharepoint.com/","id":"@items('For_each')?['Id']"},"host":{"apiId":"/providers/Microsoft.PowerApps/apis/shared_sharepointonline","connectionName":"shared_sharepointonline","operationId":"DeleteFile"},"authentication":"@parameters('$authentication')"}}},"type":"Foreach"}},"else":{"actions":{"Enviar_um_email_-_Certificado_Digital":{"type":"OpenApiConnection","inputs":{"parameters":{"emailMessage/To":"sgq@htmsgroup.com","emailMessage/Subject":"[Email Automático] - Certificado de Qualidade Digital","emailMessage/Body":"<p class=\"editor-paragraph\">Material referente à NF-@{body('Obter_os_detalhes_da_resposta')?['rf4d2d56022084575bce42a3df66101f1']} chegou no almoxarifado.<span>\n\n</span>Certificado do material foi enviado digitalmente antes. Certificado se encontra na <a class=\"editor-link\" href=\"https://infratelti.sharepoint.com/:f:/g/EiHuRVi28TtBl5vm14WQO9oB4NfWCHdCSvtmhoFtCawvmA?e=7Xvld2\"><u><span class=\"editor-text-underline\">pasta</span></u></a>.</p><p class=\"editor-paragraph\"><span>\n</span>Favor salvar o certificado no Sankhya e dar baixa na <a class=\"editor-link\" href=\"https://https://infratelti.sharepoint.com/Almoxarifado/Forms/AllItems.aspx?id=%2FAlmoxarifado%2FControles%20Almoxarifado&amp;viewid=1049c2c9%2D13fd%2D454b%2Dac0f%2D8d7724bc23a1\"><u><span class=\"editor-text-underline\">planilha</span></u></a>.</p>","emailMessage/Importance":"Normal"},"host":{"apiId":"/providers/Microsoft.PowerApps/apis/shared_office365","connectionName":"shared_office365-1","operationId":"SendEmailV2"},"authentication":"@parameters('$authentication')"}}}},"expression":{"and":[{"equals":["@body('Obter_os_detalhes_da_resposta')?['ra2a61fcd2b734929be4dd3d66104ee66']","Sim"]}]},"type":"If"}}},"expression":{"and":[{"equals":["@empty(body('Filtra_a_lista_com_o_N°_da_nota'))","@true"]}]},"type":"If"}},"runAfter":{"Soma_1_ao_maior_NR":["Succeeded"]},"type":"Scope"},"Catch":{"actions":{"Matriz_do_filtro2":{"type":"Query","inputs":{"from":"@result('Try')","where":"@or(equals(item()?['Status'], 'Failed'),equals(item()?['Status'], 'TimedOut'))\n"}},"Criar_Tabela_HTML":{"runAfter":{"Matriz_do_filtro2":["Succeeded"]},"type":"Table","inputs":{"from":"@body('Matriz_do_filtro2')","format":"HTML","columns":[{"header":"Action","value":"@item()?['name']"},{"header":"Status","value":"@item()?['Status']"},{"header":"ErrorMessage","value":"@item()?['error']?['message']"}]}},"Enviar_um_email_(V2)":{"runAfter":{"Criar_Tabela_HTML":["Succeeded"]},"type":"OpenApiConnection","inputs":{"parameters":{"emailMessage/To":"sgq@htmsgroup.com","emailMessage/Subject":"Erro na execução do fluxo - [ALM - Rastreio de Matéria-Prima]","emailMessage/Body":"<p class=\"editor-paragraph\">@{body('Criar_Tabela_HTML')}</p><p class=\"editor-paragraph\"><a href=\"https://\" class=\"editor-link\"><br></a><a href=\"https://\" class=\"editor-link\">Fluxo em que houve o erro</a></p>","emailMessage/Importance":"Normal"},"host":{"apiId":"/providers/Microsoft.PowerApps/apis/shared_office365","connectionName":"shared_office365","operationId":"SendEmailV2"},"authentication":"@parameters('$authentication')"}},"Terminar_1":{"runAfter":{"Enviar_um_email_(V2)":["Succeeded"]},"type":"Terminate","inputs":{"runStatus":"Failed"}}},"runAfter":{"Try":["Failed","TimedOut"]},"type":"Scope"},"Transforma_em_integer_o_valor_da_NR":{"runAfter":{"Catch0":["Skipped"]},"type":"InitializeVariable","inputs":{"variables":[{"name":"Maior_NR","type":"integer","value":"@int(outputs('Pega_o_NR'))"}]}},"Soma_1_ao_maior_NR":{"runAfter":{"Transforma_em_integer_o_valor_da_NR":["Succeeded"]},"type":"InitializeVariable","inputs":{"variables":[{"name":"Valor_NR","type":"integer","value":"@add(variables('Maior_NR'),1)"}]}},"Try0":{"actions":{"Obter_os_detalhes_da_resposta":{"type":"OpenApiConnection","inputs":{"parameters":{"form_id":"Nshoj-TWzEyDQ5VS1DBRyDUWe37tEJtAvycUzmLSZF9UNldCRTBCQ1E0QkNCTEVDTzBOSkRKRzVUSS4u","response_id":"@triggerOutputs()?['body/resourceData/responseId']"},"host":{"apiId":"/providers/Microsoft.PowerApps/apis/shared_microsoftforms","connectionName":"shared_microsoftforms-1","operationId":"GetFormResponseById"},"authentication":"@parameters('$authentication')"}},"Fuso_horário_de_conversão":{"runAfter":{"Obter_os_detalhes_da_resposta":["Succeeded"]},"type":"Expression","kind":"ConvertTimeZone","inputs":{"baseTime":"@body('Obter_os_detalhes_da_resposta')?['submitDate']","sourceTimeZone":"UTC","destinationTimeZone":"E. South America Standard Time","formatString":"g"}},"Listar_linhas_presentes_em_uma_tabela":{"runAfter":{"Fuso_horário_de_conversão":["Succeeded"]},"metadata":{"01IGH2O3GPQIM3KMVMBBD2M7IH4XVLV4M4":"/Controles Almoxarifado/Planilha de Controle de Rastreio de Matéria-Prima.xlsx","tableId":"{EA0B897F-5FAB-4170-BD0D-A0107638713B}"},"type":"OpenApiConnection","inputs":{"parameters":{"source":"sites/infratelti.sharepoint.com,e641b2d2-5d7c-4b7b-9dd8-86f449b82c9d,ad62d650-e468-4a0b-995a-09c0bebc66a2","drive":"b!0rJB5nxde0ud2Ib0SbgsnVDWYq1o5AtKmVoJwL68ZqIbKF7HTHErSZ3PMmoUpWaC","file":"01IGH2O3GPQIM3KMVMBBD2M7IH4XVLV4M4","table":"{EA0B897F-5FAB-4170-BD0D-A0107638713B}"},"host":{"apiId":"/providers/Microsoft.PowerApps/apis/shared_excelonlinebusiness","connectionName":"shared_excelonlinebusiness","operationId":"GetItems"},"authentication":"@parameters('$authentication')"},"runtimeConfiguration":{"paginationPolicy":{"minimumItemCount":5000}}},"Extrai_a_última_linha_da_planilha":{"runAfter":{"Listar_linhas_presentes_em_uma_tabela":["Succeeded"]},"type":"Compose","inputs":"@last(array(outputs('Listar_linhas_presentes_em_uma_tabela')?['body/value']))"},"Pega_o_NR":{"runAfter":{"Extrai_a_última_linha_da_planilha":["Succeeded"]},"type":"Compose","inputs":"@outputs('Extrai_a_última_linha_da_planilha')['NR']"}},"runAfter":{},"type":"Scope"},"Catch0":{"actions":{"Matriz_do_filtro_1":{"type":"Query","inputs":{"from":"@result('Try0')","where":"@or(equals(item()?['Status'], 'Failed'),equals(item()?['Status'], 'TimedOut'))\n"}},"Criar_Tabela_HTML_1":{"runAfter":{"Matriz_do_filtro_1":["Succeeded"]},"type":"Table","inputs":{"from":"@body('Matriz_do_filtro_1')","format":"HTML","columns":[{"header":"Action","value":"@item()?['name']"},{"header":"Status","value":"@item()?['Status']"},{"header":"ErrorMessage","value":"@item()?['error']?['message']"}]}},"Enviar_um_email_(V2)_1":{"runAfter":{"Criar_Tabela_HTML_1":["Succeeded"]},"type":"OpenApiConnection","inputs":{"parameters":{"emailMessage/To":"sgq@htmsgroup.com","emailMessage/Subject":"Erro na execução do fluxo - [ALM - Rastreio de Matéria-Prima]","emailMessage/Body":"<p class=\"editor-paragraph\">@{body('Criar_Tabela_HTML_1')}</p><p class=\"editor-paragraph\"><a href=\"https://\" class=\"editor-link\"><br></a><a href=\"https://\" class=\"editor-link\">Fluxo em que houve o erro</a></p>","emailMessage/Importance":"Normal"},"host":{"apiId":"/providers/Microsoft.PowerApps/apis/shared_office365","connectionName":"shared_office365-1","operationId":"SendEmailV2"},"authentication":"@parameters('$authentication')"}},"Terminar_2":{"runAfter":{"Enviar_um_email_(V2)_1":["Succeeded"]},"type":"Terminate","inputs":{"runStatus":"Failed"}}},"runAfter":{"Try0":["TimedOut","Failed"]},"type":"Scope"}},"outputs":{}},"connectionReferences":{"shared_microsoftforms-1":{"connectionName":"shared-microsoftform-91d4425c-25c0-4bcb-bd8d-7af943e5d34e","source":"Embedded","id":"/providers/Microsoft.PowerApps/apis/shared_microsoftforms","tier":"NotSpecified"},"shared_excelonlinebusiness":{"connectionName":"shared-excelonlinebu-0b83d214-2ff4-4e48-998d-42d62c32bc76","source":"Embedded","id":"/providers/Microsoft.PowerApps/apis/shared_excelonlinebusiness","tier":"NotSpecified"},"shared_sharepointonline":{"connectionName":"shared-sharepointonl-5496cddd-fab6-4e4e-b867-605309ece3e7","source":"Embedded","id":"/providers/Microsoft.PowerApps/apis/shared_sharepointonline","tier":"NotSpecified"},"shared_office365-1":{"connectionName":"shared-office365-f8286a62-f5a5-43db-8d60-045746dc84b2","source":"Embedded","id":"/providers/Microsoft.PowerApps/apis/shared_office365","tier":"NotSpecified"},"shared_office365":{"connectionName":"shared-office365-4d4ac0ca-c307-4a95-a535-28cef15b263c","source":"Embedded","id":"/providers/Microsoft.PowerApps/apis/shared_office365","tier":"NotSpecified"}},"flowFailureAlertSubscribed":false,"isManaged":false}}