{"schemaVersion":"1.0","appDefinitionTemplate":{"id":"/providers/Microsoft.PowerApps/apps/","type":"Microsoft.PowerApps/apps","tags":{"primaryDeviceWidth":"640","primaryDeviceHeight":"1136","supportsPortrait":"true","supportsLandscape":"true","primaryFormFactor":"Phone","showStatusBar":"false","publisherVersion":"3.24101.9","minimumRequiredApiVersion":"2.2.0","hasComponent":"false","hasUnlockedComponent":"false","isUnifiedRootApp":"false","sienaVersion":"20241015T180829Z-3.24101.9.0"},"properties":{"appVersion":"2024-10-15T18:08:29Z","lifeCycleId":"Published","createdByClientVersion":{"major":3,"minor":24101,"build":9,"revision":0,"majorRevision":0,"minorRevision":0},"minClientVersion":{"major":3,"minor":24101,"build":9,"revision":0,"majorRevision":0,"minorRevision":0},"backgroundColor":"RGBA(0,176,240,1)","backgroundImageUri":"/10912722950043281538/N5b6b8a12-b300-4564-a43a-a923a41245c2-logoSmallFile","displayName":"Checklist de Expedição - Torres","description":"","commitMessage":"","appUris":{"documentUri":{"value":"/10912722950043281538/N8231a2e2-68eb-42f8-a445-2557d683e6b8-document.msapp"},"imageUris":[],"additionalUris":[{"isSolutionAware":false,"value":"/10912722950043281538/Nd013d8e9-0e65-45c4-8d83-4afd7d17abd7-identity.json"}]},"createdTime":"0001-01-01T00:00:00Z","lastModifiedTime":"0001-01-01T00:00:00Z","sharedGroupsCount":0,"sharedUsersCount":0,"connectionReferences":{"ed0d4580-1c37-49e7-be69-b213a5b39ba9":{"id":"20934a59-1d47-4365-9b30-1eaf492240fa","displayName":"SharePoint","iconUri":"https://connectoricons-prod.azureedge.net/u/jayawan/releases/v1.0.1697/1.0.1697.3786/sharepointonline/icon.png","dataSources":["Checklist de Expedição: Torres"],"dependencies":[],"dependents":[],"parameterHints":{},"parameterHintsV2":{},"isOnPremiseConnection":false,"bypassConsent":false,"dataSets":{"https://infratelti.sharepoint.com/":{"dataSources":{"Checklist de Expedição: Torres":{"tableName":"7a8e4c21-61da-4d20-831c-b3908baec25d"}}}},"apiTier":"Standard","isCustomApiConnection":false,"actions":["providers/PowerPlatform.Governance/Operations/Read","providers/PowerPlatform.Governance/Operations/Write","providers/PowerPlatform.Governance/Operations/Delete"]}},"databaseReferences":{},"almMode":"Environment","performanceOptimizationEnabled":false,"canConsumeAppPass":false,"enableModernRuntimeMode":false,"executionRestrictions":{"isTeamsOnly":false,"dataLossPreventionEvaluationResult":{"status":"Compliant","lastEvaluationDate":"2024-10-14T13:49:24.9297493Z","violations":[],"violationsByPolicy":[],"violationErrorMessage":"O aplicativo usa os seguintes conectores: ."}}},"appType":"ClassicCanvasApp","appComponents":[]}}