{"name":"bc56b940-4605-4c9a-91a7-d75a8e9d3a93","id":"/providers/Microsoft.Flow/flows/bc56b940-4605-4c9a-91a7-d75a8e9d3a93","type":"Microsoft.Flow/flows","properties":{"apiId":"/providers/Microsoft.PowerApps/apis/shared_logicflows","displayName":"Erro de Salvamento RNCs","definition":{"metadata":{"workflowEntityId":null,"processAdvisorMetadata":null,"flowChargedByPaygo":null,"flowclientsuspensionreason":"None","flowclientsuspensiontime":null,"flowclientsuspensionreasondetails":null,"creator":{"id":"7e7b1635-10ed-409b-bf27-14ce62d2645f","type":"User","tenantId":"8f68c836-d6e4-4ccc-8343-9552d43051c8"},"provisioningMethod":"FromDefinition","failureAlertSubscription":true,"clientLastModifiedTime":"2024-08-30T17:16:06.3902914Z","connectionKeySavedTimeKey":"2024-08-30T17:16:06.3902914Z"},"$schema":"https://schema.management.azure.com/providers/Microsoft.Logic/schemas/2016-06-01/workflowdefinition.json#","contentVersion":"undefined","parameters":{"$authentication":{"defaultValue":{},"type":"SecureObject"},"$connections":{"defaultValue":{},"type":"Object"}},"triggers":{"manual":{"type":"Request","kind":"PowerAppV2","inputs":{"schema":{"type":"object","properties":{"text":{"description":"Insira sua entrada","title":"Erro","type":"string","x-ms-content-hint":"TEXT","x-ms-dynamically-added":true},"number":{"description":"Insira um número","title":"NumRNC","type":"number","x-ms-content-hint":"NUMBER","x-ms-dynamically-added":true},"text_1":{"description":"Insira sua entrada","title":"Descricao","type":"string","x-ms-content-hint":"TEXT","x-ms-dynamically-added":true}},"required":["text","number","text_1"]}}}},"actions":{"Enviar_um_email_(V2)":{"runAfter":{},"type":"OpenApiConnection","inputs":{"parameters":{"emailMessage/To":"sgq@htmsgroup.com","emailMessage/Subject":"Falha de Salvamento - App RNCs","emailMessage/Body":"<p class=\"editor-paragraph\">Um erro ocorreu durante o salvamento de uma RNC.</p><p class=\"editor-paragraph\"><span>\n</span>Número da RNC: @{triggerBody()?['number']}</p><p class=\"editor-paragraph\">Descrição do erro: @{triggerBody()?['text_1']}</p><p class=\"editor-paragraph\">Mensagem do erro: @{triggerBody()?['text']}</p><br>","emailMessage/Importance":"Normal"},"host":{"apiId":"/providers/Microsoft.PowerApps/apis/shared_office365","connectionName":"shared_office365-1","operationId":"SendEmailV2"},"authentication":{"value":"@json(decodeBase64(triggerOutputs().headers['X-MS-APIM-Tokens']))['$ConnectionKey']","type":"Raw"}}}}},"connectionReferences":{"shared_office365-1":{"connectionName":"shared-office365-f8286a62-f5a5-43db-8d60-045746dc84b2","source":"Invoker","id":"/providers/Microsoft.PowerApps/apis/shared_office365","tier":"NotSpecified"}},"flowFailureAlertSubscribed":false,"isManaged":false}}