{"name":"a4fcaff7-a718-437c-b459-37bf9cbabc5c","id":"/providers/Microsoft.Flow/flows/a4fcaff7-a718-437c-b459-37bf9cbabc5c","type":"Microsoft.Flow/flows","properties":{"apiId":"/providers/Microsoft.PowerApps/apis/shared_logicflows","displayName":"ALM - Baixa de Materiais","definition":{"metadata":{"workflowEntityId":null,"processAdvisorMetadata":null,"flowChargedByPaygo":null,"flowclientsuspensionreason":"None","flowclientsuspensiontime":null,"flowclientsuspensionreasondetails":null,"creator":{"id":"7e7b1635-10ed-409b-bf27-14ce62d2645f","type":"User","tenantId":"8f68c836-d6e4-4ccc-8343-9552d43051c8"},"provisioningMethod":"FromDefinition","failureAlertSubscription":true,"clientLastModifiedTime":"2024-08-12T16:21:27.9829954Z","connectionKeySavedTimeKey":"2024-08-12T16:21:27.9829954Z"},"$schema":"https://schema.management.azure.com/providers/Microsoft.Logic/schemas/2016-06-01/workflowdefinition.json#","contentVersion":"1.0.0.0","parameters":{"$authentication":{"defaultValue":{},"type":"SecureObject"},"$connections":{"defaultValue":{},"type":"Object"}},"triggers":{"Quando_uma_nova_resposta_é_enviada":{"splitOn":"@triggerOutputs()?['body/value']","metadata":{"operationMetadataId":"723823bd-c96c-4b40-bad8-e07eb7552d95"},"type":"OpenApiConnectionWebhook","inputs":{"parameters":{"form_id":"Nshoj-TWzEyDQ5VS1DBRyDUWe37tEJtAvycUzmLSZF9UQkM0RklLS004Wlk5WlRSWjlIMEpGVU9WVC4u"},"host":{"apiId":"/providers/Microsoft.PowerApps/apis/shared_microsoftforms","connectionName":"shared_microsoftforms-1","operationId":"CreateFormWebhook"},"authentication":"@parameters('$authentication')"}}},"actions":{"Try":{"actions":{"Obter_os_detalhes_da_resposta":{"metadata":{"operationMetadataId":"2f74ea75-6cea-4c21-b27b-e2f70e6098fa"},"type":"OpenApiConnection","inputs":{"parameters":{"form_id":"Nshoj-TWzEyDQ5VS1DBRyDUWe37tEJtAvycUzmLSZF9UQkM0RklLS004Wlk5WlRSWjlIMEpGVU9WVC4u","response_id":"@triggerOutputs()?['body/resourceData/responseId']"},"host":{"apiId":"/providers/Microsoft.PowerApps/apis/shared_microsoftforms","connectionName":"shared_microsoftforms-1","operationId":"GetFormResponseById"},"authentication":"@parameters('$authentication')"}},"Fuso_horário_de_conversão":{"runAfter":{"Obter_os_detalhes_da_resposta":["Succeeded"]},"metadata":{"operationMetadataId":"44d5dffa-be42-4d31-8805-ab3ea79c70fe"},"type":"Expression","kind":"ConvertTimeZone","inputs":{"baseTime":"@body('Obter_os_detalhes_da_resposta')?['submitDate']","sourceTimeZone":"UTC","destinationTimeZone":"E. South America Standard Time","formatString":"g"}},"Se_é_instrumento_de_medição_ou_não":{"actions":{"Listar_linhas_presentes_em_uma_tabela":{"metadata":{"01IGH2O3HVSMSLCHV26RGKPGOMUHFP4LXL":"/SGQ/CONTROLES/Instrumentos-de-medição/PC.EO.SGQ-001_Rev.01_Planilha-de-controle-de-instrumentos-de-medição.xlsx","tableId":"{0CD8CC40-69BB-46F8-BA95-62E763A29DF5}","operationMetadataId":"4f2ab521-df1c-47f3-ab5a-1222c25c731f"},"type":"OpenApiConnection","inputs":{"parameters":{"source":"sites/infratelti.sharepoint.com,e641b2d2-5d7c-4b7b-9dd8-86f449b82c9d,ad62d650-e468-4a0b-995a-09c0bebc66a2","drive":"b!0rJB5nxde0ud2Ib0SbgsnVDWYq1o5AtKmVoJwL68ZqLoypLhejOoTIUro6mcc2by","file":"01IGH2O3HVSMSLCHV26RGKPGOMUHFP4LXL","table":"{0CD8CC40-69BB-46F8-BA95-62E763A29DF5}"},"host":{"apiId":"/providers/Microsoft.PowerApps/apis/shared_excelonlinebusiness","connectionName":"shared_excelonlinebusiness","operationId":"GetItems"},"authentication":"@parameters('$authentication')"},"runtimeConfiguration":{"paginationPolicy":{"minimumItemCount":5000}}},"Obtem_linha_do_código_do_instrumento":{"runAfter":{"Listar_linhas_presentes_em_uma_tabela":["Succeeded"]},"metadata":{"01IGH2O3HVSMSLCHV26RGKPGOMUHFP4LXL":"/SGQ/CONTROLES/Instrumentos-de-medição/PC.EO.SGQ-001_Rev.01_Planilha-de-controle-de-instrumentos-de-medição.xlsx","tableId":"{0CD8CC40-69BB-46F8-BA95-62E763A29DF5}","operationMetadataId":"dbaebb5b-0dad-47da-8920-d3a70a5d7e8b"},"type":"OpenApiConnection","inputs":{"parameters":{"source":"sites/infratelti.sharepoint.com,e641b2d2-5d7c-4b7b-9dd8-86f449b82c9d,ad62d650-e468-4a0b-995a-09c0bebc66a2","drive":"b!0rJB5nxde0ud2Ib0SbgsnVDWYq1o5AtKmVoJwL68ZqLoypLhejOoTIUro6mcc2by","file":"01IGH2O3HVSMSLCHV26RGKPGOMUHFP4LXL","table":"{0CD8CC40-69BB-46F8-BA95-62E763A29DF5}","idColumn":"Código","id":"IM-@{body('Obter_os_detalhes_da_resposta')?['r71f131bf582a4fceb8ac7b44689e933d']}"},"host":{"apiId":"/providers/Microsoft.PowerApps/apis/shared_excelonlinebusiness","connectionName":"shared_excelonlinebusiness","operationId":"GetItem"},"authentication":"@parameters('$authentication')"}},"Terminar":{"runAfter":{"Enviar_um_email_-_Código_não_existente":["Succeeded"]},"metadata":{"operationMetadataId":"4b65034b-00f8-44ac-93aa-c8f5560e1403"},"type":"Terminate","inputs":{"runStatus":"Failed"}},"Enviar_um_email_-_Código_não_existente":{"runAfter":{"Obtem_linha_do_código_do_instrumento":["Failed"]},"metadata":{"operationMetadataId":"c444f273-1d54-4956-bcf3-f99afef89b7f"},"type":"OpenApiConnection","inputs":{"parameters":{"emailMessage/To":"sgq@htmsgroup.com","emailMessage/Subject":"[Email automático] - Instrumento de Medição Inexistente","emailMessage/Body":"<p>O código inserido do instrumento não existe na <a href=\"https://infratelti.sharepoint.com/:x:/g/EfWTJLEeuvRMp5nMocr-LusBx3f2twLUnj92Eoy7igLWyQ?e=FbZDVC\"><u>planilha</u></a>.</p><br><p>Verificar o ocorrido.</p><br><p>Nome do colaborador: @{body('Obter_os_detalhes_da_resposta')?['ra0283aa8dbe145398c25d7294c2b62f7']}</p><p>Colaborador do Almoxarifado que realizou a operação: @{body('Obter_os_detalhes_da_resposta')?['r042e1c31328e44dab2e24bb9cf4de7dc']}</p><p>Tipo de operação: @{body('Obter_os_detalhes_da_resposta')?['r9475119c78f34e6aaf16b8f1aa775e54']}</p><p>Código inserido: @{body('Obter_os_detalhes_da_resposta')?['r71f131bf582a4fceb8ac7b44689e933d']}</p><p>Observações: @{body('Obter_os_detalhes_da_resposta')?['rd1cc4dc2568d4e54b517db16ae2c3813']}</p>","emailMessage/From":"qualidade@htmsgroup.com","emailMessage/Importance":"Normal"},"host":{"apiId":"/providers/Microsoft.PowerApps/apis/shared_office365","connectionName":"shared_office365","operationId":"SendEmailV2"},"authentication":"@parameters('$authentication')"}},"Opção":{"runAfter":{"Terminar":["Skipped"]},"cases":{"Devolução":{"case":"Devolução","actions":{"DEVOLUÇÃO_-_Atualiza_o_Status,_Colaborador_que_devolveu_e_data_de_devolução":{"metadata":{"01IGH2O3HVSMSLCHV26RGKPGOMUHFP4LXL":"/SGQ/CONTROLES/Instrumentos-de-medição/PC.EO.SGQ-001_Rev.01_Planilha-de-controle-de-instrumentos-de-medição.xlsx","tableId":"{0CD8CC40-69BB-46F8-BA95-62E763A29DF5}","operationMetadataId":"5280a59b-ec1c-4ba3-852a-aa477beb966c"},"type":"OpenApiConnection","inputs":{"parameters":{"source":"sites/infratelti.sharepoint.com,e641b2d2-5d7c-4b7b-9dd8-86f449b82c9d,ad62d650-e468-4a0b-995a-09c0bebc66a2","drive":"b!0rJB5nxde0ud2Ib0SbgsnVDWYq1o5AtKmVoJwL68ZqLoypLhejOoTIUro6mcc2by","file":"01IGH2O3HVSMSLCHV26RGKPGOMUHFP4LXL","table":"{0CD8CC40-69BB-46F8-BA95-62E763A29DF5}","idColumn":"Código","id":"IM-@{body('Obter_os_detalhes_da_resposta')?['r71f131bf582a4fceb8ac7b44689e933d']}","item/Status Instrumento":"SEPARADO PARA CONFERÊNCIA","item/Colaborador que Devolveu":"@body('Obter_os_detalhes_da_resposta')?['ra0283aa8dbe145398c25d7294c2b62f7']","item/Data Devolução":"@body('Fuso_horário_de_conversão')","item/Motivo da devolução":"@body('Obter_os_detalhes_da_resposta')?['rd23ac0bedc2e42fbbebab7188cb80d42']"},"host":{"apiId":"/providers/Microsoft.PowerApps/apis/shared_excelonlinebusiness","connectionName":"shared_excelonlinebusiness","operationId":"PatchItem"},"authentication":"@parameters('$authentication')"}},"Verifica_se_o_colaborador_que_devolveu_é_o_mesmo_que_retirou":{"actions":{"Devolução_1":{"metadata":{"operationMetadataId":"75c7b4e6-7f7f-47ed-a48b-e554dfd022ae"},"type":"OpenApiConnection","inputs":{"parameters":{"emailMessage/To":"sgq@htmsgroup.com","emailMessage/Subject":"[Email automático] - Devolução de Instrumento de Medição\n\n","emailMessage/Body":"<p>Instrumento de medição devolvido - Retirante diferente do devolutor</p><br><p>Instrumento: @{body('Obtem_linha_do_código_do_instrumento')?['Instrumento']} </p><p>Código: @{body('Obtem_linha_do_código_do_instrumento')?['Código']}</p><p>Colaborador que retirou: @{body('Obtem_linha_do_código_do_instrumento')?['Colaborador que Retirou']}</p><p>Colaborador que devolveu: @{body('Obter_os_detalhes_da_resposta')?['ra0283aa8dbe145398c25d7294c2b62f7']}</p><p>Motivo da devolução: @{body('Obter_os_detalhes_da_resposta')?['rd23ac0bedc2e42fbbebab7188cb80d42']} </p><p>Observações: @{body('Obter_os_detalhes_da_resposta')?['rd1cc4dc2568d4e54b517db16ae2c3813']}</p><br><p>Colaborador do Almoxarifado que realizou a operação:@{body('Obter_os_detalhes_da_resposta')?['r042e1c31328e44dab2e24bb9cf4de7dc']}</p><br><p>Instrumento separado para conferência.</p><br><p>Verificar o motivo da diferença entre nomes.</p><p><a href=\"https://infratelti.sharepoint.com/:x:/r/_layouts/15/Doc.aspx?sourcedoc=%7BB12493F5-BA1E-4CF4-A799-CCA1CAFE2EEB%7D&amp;file=PC.EO.SGQ-001_Rev.01_Planilha-de-controle-de-instrumentos-de-medi%C3%A7%C3%A3o.xlsx&amp;action=default&amp;mobileredirect=true\"><u>Link da planilha</u></a></p>","emailMessage/Importance":"Normal"},"host":{"apiId":"/providers/Microsoft.PowerApps/apis/shared_office365","connectionName":"shared_office365-2","operationId":"SendEmailV2"},"authentication":"@parameters('$authentication')"}}},"runAfter":{"DEVOLUÇÃO_-_Atualiza_o_Status,_Colaborador_que_devolveu_e_data_de_devolução":["Succeeded"]},"else":{"actions":{"Devolução_2":{"metadata":{"operationMetadataId":"4dd1082f-1ab7-47f9-a28e-d177e96f8c5a"},"type":"OpenApiConnection","inputs":{"parameters":{"emailMessage/To":"sgq@htmsgroup.com","emailMessage/Subject":"[Email automático] - Devolução de Instrumento de Medição\n\n","emailMessage/Body":"<p>Instrumento de medição devolvido Instrumento: @{body('Obtem_linha_do_código_do_instrumento')?['Instrumento']} </p><p>Código: @{body('Obtem_linha_do_código_do_instrumento')?['Código']} </p><p>Colaborador que devolveu: @{body('Obtem_linha_do_código_do_instrumento')?['Colaborador que Retirou']} </p><p>Motivo da devolução: @{body('Obter_os_detalhes_da_resposta')?['rd23ac0bedc2e42fbbebab7188cb80d42']} </p><p>Observações:@{body('Obter_os_detalhes_da_resposta')?['rd1cc4dc2568d4e54b517db16ae2c3813']}</p><br><p>Colaborador do Almoxarifado que realizou a operação:@{body('Obter_os_detalhes_da_resposta')?['r042e1c31328e44dab2e24bb9cf4de7dc']}</p><br><p>Instrumento separado para conferência.</p><p><a href=\"https://infratelti.sharepoint.com/:x:/r/_layouts/15/Doc.aspx?sourcedoc=%7BB12493F5-BA1E-4CF4-A799-CCA1CAFE2EEB%7D&amp;file=PC.EO.SGQ-001_Rev.01_Planilha-de-controle-de-instrumentos-de-medi%C3%A7%C3%A3o.xlsx&amp;action=default&amp;mobileredirect=true\"><u>Link da planilha</u></a></p>","emailMessage/Importance":"Normal"},"host":{"apiId":"/providers/Microsoft.PowerApps/apis/shared_office365","connectionName":"shared_office365-2","operationId":"SendEmailV2"},"authentication":"@parameters('$authentication')"}}}},"expression":{"and":[{"not":{"equals":["@body('Obtem_linha_do_código_do_instrumento')?['Colaborador que Retirou']","@body('Obter_os_detalhes_da_resposta')?['ra0283aa8dbe145398c25d7294c2b62f7']"]}}]},"metadata":{"operationMetadataId":"aaf76e2b-688e-49ca-932b-9153f5df3b8c"},"type":"If"}}},"Retirada":{"case":"Retirada","actions":{"RETIRADA_-_Atualiza_status,_colaborador_que_retirou_e_data_de_retirada":{"metadata":{"01IGH2O3HVSMSLCHV26RGKPGOMUHFP4LXL":"/SGQ/CONTROLES/Instrumentos-de-medição/PC.EO.SGQ-001_Rev.01_Planilha-de-controle-de-instrumentos-de-medição.xlsx","tableId":"{0CD8CC40-69BB-46F8-BA95-62E763A29DF5}","operationMetadataId":"af015317-febc-4919-83fe-c4fdf6a874f3"},"type":"OpenApiConnection","inputs":{"parameters":{"source":"sites/infratelti.sharepoint.com,e641b2d2-5d7c-4b7b-9dd8-86f449b82c9d,ad62d650-e468-4a0b-995a-09c0bebc66a2","drive":"b!0rJB5nxde0ud2Ib0SbgsnVDWYq1o5AtKmVoJwL68ZqLoypLhejOoTIUro6mcc2by","file":"01IGH2O3HVSMSLCHV26RGKPGOMUHFP4LXL","table":"{0CD8CC40-69BB-46F8-BA95-62E763A29DF5}","idColumn":"Código","id":"IM-@{body('Obter_os_detalhes_da_resposta')?['r71f131bf582a4fceb8ac7b44689e933d']}","item/Status Instrumento":"EM USO","item/Colaborador que Retirou":"@body('Obter_os_detalhes_da_resposta')?['ra0283aa8dbe145398c25d7294c2b62f7']","item/Data Retirada":"@body('Fuso_horário_de_conversão')"},"host":{"apiId":"/providers/Microsoft.PowerApps/apis/shared_excelonlinebusiness","connectionName":"shared_excelonlinebusiness","operationId":"PatchItem"},"authentication":"@parameters('$authentication')"}},"Verif._se_o_precisa_dar_baixa_no_instrumento_no_Sankhya_":{"actions":{"Adiciona_linha_na_planilha_do_Almox_2":{"metadata":{"01IGH2O3DY36J4AVD4MFEYIL4EOPKGCKPK":"/Baixa Materiais/Controle de Estoque.xlsx","tableId":"{02A26D9B-808F-49B2-93BD-6255AB4FBE04}","operationMetadataId":"90f1f85d-5070-4a02-bb9e-4dc052cc3c19","01IGH2O3G654CJP6K3LFBJAGX6GRUBYF2H":"/Controle de Estoque/Planilha de Controle de Estoque.xlsx","01IGH2O3DFJ2X64I3AFJFIWTR4DAAXZYY5":"/Controle de Estoque/Planilha de Controle de Estoque.xlsx","01IGH2O3BEEJN3QO7SHBFLTACRHNQXQRSQ":"/Controles Almoxarifado/Planilha de Controle de Estoque.xlsx","01IGH2O3DROSACDF3PVRGIVISMYNRVIIDR":"/Controles Almoxarifado/Planilha de Controle de Estoque.xlsx"},"type":"OpenApiConnection","inputs":{"parameters":{"source":"sites/infratelti.sharepoint.com,e641b2d2-5d7c-4b7b-9dd8-86f449b82c9d,ad62d650-e468-4a0b-995a-09c0bebc66a2","drive":"b!0rJB5nxde0ud2Ib0SbgsnVDWYq1o5AtKmVoJwL68ZqIbKF7HTHErSZ3PMmoUpWaC","file":"01IGH2O3DROSACDF3PVRGIVISMYNRVIIDR","table":"{02A26D9B-808F-49B2-93BD-6255AB4FBE04}","item/Data e Horário":"@body('Fuso_horário_de_conversão')","item/ID Forms":"@{triggerOutputs()?['body/resourceData/responseId']}","item/Código Sankhya":"@body('Obter_os_detalhes_da_resposta')?['r83eb9639ec694250bdb756d56d69a9ec']","item/Quantidade":"1","item/Base":"Pinhais","item/Unidade de Medida":"Unidade"},"host":{"apiId":"/providers/Microsoft.PowerApps/apis/shared_excelonlinebusiness","connectionName":"shared_excelonlinebusiness","operationId":"AddRowV2"},"authentication":"@parameters('$authentication')"}}},"runAfter":{"Retirada_1":["Succeeded"]},"else":{"actions":{}},"expression":{"and":[{"equals":["@body('Obter_os_detalhes_da_resposta')?['r42afa086902d4062998452e4b971805e']","Sim"]}]},"metadata":{"operationMetadataId":"9eadc1c0-7cdf-4a4c-9a6b-a455c712767b"},"type":"If"},"Retirada_1":{"runAfter":{"RETIRADA_-_Atualiza_status,_colaborador_que_retirou_e_data_de_retirada":["Succeeded"]},"metadata":{"operationMetadataId":"304e5dc4-257f-4376-95e1-67cf4bcdbeda"},"type":"OpenApiConnection","inputs":{"parameters":{"emailMessage/To":"sgq@htmsgroup.com","emailMessage/Subject":"[Email automático] - Retirada de Instrumento de Medição","emailMessage/Body":"<p>Instrumento de medição retirado Instrumento: @{body('RETIRADA_-_Atualiza_status,_colaborador_que_retirou_e_data_de_retirada')?['Instrumento']} </p><p>Código: @{body('RETIRADA_-_Atualiza_status,_colaborador_que_retirou_e_data_de_retirada')?['Código']} </p><p>Colaborador que retirou: @{body('Obter_os_detalhes_da_resposta')?['ra0283aa8dbe145398c25d7294c2b62f7']} </p><p>Observações: @{body('Obter_os_detalhes_da_resposta')?['rd1cc4dc2568d4e54b517db16ae2c3813']}</p><br><p>Colaborador do Almoxarifado que realizou a operação: @{body('Obter_os_detalhes_da_resposta')?['r042e1c31328e44dab2e24bb9cf4de7dc']}</p><br><p>Averiguar se o colaborador possui mais instrumentos desse tipo ativos</p><p><a href=\"https://infratelti.sharepoint.com/:x:/r/_layouts/15/Doc.aspx?sourcedoc=%7BB12493F5-BA1E-4CF4-A799-CCA1CAFE2EEB%7D&amp;file=PC.EO.SGQ-001_Rev.01_Planilha-de-controle-de-instrumentos-de-medi%C3%A7%C3%A3o.xlsx&amp;action=default&amp;mobileredirect=true\"><u>Link da planilha</u></a></p>","emailMessage/Importance":"Normal"},"host":{"apiId":"/providers/Microsoft.PowerApps/apis/shared_office365","connectionName":"shared_office365-2","operationId":"SendEmailV2"},"authentication":"@parameters('$authentication')"}}}},"Perda":{"case":"Perda","actions":{"Email_-_Perda":{"metadata":{"operationMetadataId":"304e5dc4-257f-4376-95e1-67cf4bcdbeda"},"type":"OpenApiConnection","inputs":{"parameters":{"emailMessage/To":"sgq@htmsgroup.com","emailMessage/Subject":"[Email automático] - Retirada de Instrumento de Medição","emailMessage/Body":"<p>Instrumento de medição foi perdido pelo colaborador @{body('Obter_os_detalhes_da_resposta')?['ra0283aa8dbe145398c25d7294c2b62f7']}</p><br><p>Colaborador do Almoxarifado que realizou a operação: @{body('Obter_os_detalhes_da_resposta')?['r042e1c31328e44dab2e24bb9cf4de7dc']}</p><p>Tipo de instrumento: @{body('Obter_os_detalhes_da_resposta')?['r00f987ef103a46a78526a611d2f0e8fe']}</p><p>Código: @{body('Obter_os_detalhes_da_resposta')?['r71f131bf582a4fceb8ac7b44689e933d']}</p><p>Observações: @{body('Obter_os_detalhes_da_resposta')?['rd1cc4dc2568d4e54b517db16ae2c3813']}</p><br><p>(Se o código estiver vazio significa que o colaborador não lembra qual era o código do instrumento)</p><br><p>Averiguar qual o código do instrumento perdido e dar baixa na planilha.</p><p><a href=\"https://infratelti.sharepoint.com/:x:/r/_layouts/15/Doc.aspx?sourcedoc=%7BB12493F5-BA1E-4CF4-A799-CCA1CAFE2EEB%7D&amp;file=PC.EO.SGQ-001_Rev.01_Planilha-de-controle-de-instrumentos-de-medi%C3%A7%C3%A3o.xlsx&amp;action=default&amp;mobileredirect=true\"><u>Link da planilha</u></a></p>","emailMessage/Importance":"Normal"},"host":{"apiId":"/providers/Microsoft.PowerApps/apis/shared_office365","connectionName":"shared_office365-2","operationId":"SendEmailV2"},"authentication":"@parameters('$authentication')"}}}}},"default":{"actions":{}},"expression":"@body('Obter_os_detalhes_da_resposta')?['r9475119c78f34e6aaf16b8f1aa775e54']","type":"Switch"}},"runAfter":{"Fuso_horário_de_conversão":["Succeeded"]},"else":{"actions":{"Adiciona_linha_na_planilha_do_Almox":{"metadata":{"01IGH2O3DY36J4AVD4MFEYIL4EOPKGCKPK":"/Baixa Materiais/Controle de Estoque.xlsx","tableId":"{02A26D9B-808F-49B2-93BD-6255AB4FBE04}","operationMetadataId":"90f1f85d-5070-4a02-bb9e-4dc052cc3c19","01IGH2O3G654CJP6K3LFBJAGX6GRUBYF2H":"/Controle de Estoque/Planilha de Controle de Estoque.xlsx","01IGH2O3DFJ2X64I3AFJFIWTR4DAAXZYY5":"/Controle de Estoque/Planilha de Controle de Estoque.xlsx","01IGH2O3BEEJN3QO7SHBFLTACRHNQXQRSQ":"/Controles Almoxarifado/Planilha de Controle de Estoque.xlsx","01IGH2O3DROSACDF3PVRGIVISMYNRVIIDR":"/Controles Almoxarifado/Planilha de Controle de Estoque.xlsx"},"type":"OpenApiConnection","inputs":{"parameters":{"source":"sites/infratelti.sharepoint.com,e641b2d2-5d7c-4b7b-9dd8-86f449b82c9d,ad62d650-e468-4a0b-995a-09c0bebc66a2","drive":"b!0rJB5nxde0ud2Ib0SbgsnVDWYq1o5AtKmVoJwL68ZqIbKF7HTHErSZ3PMmoUpWaC","file":"01IGH2O3DROSACDF3PVRGIVISMYNRVIIDR","table":"{02A26D9B-808F-49B2-93BD-6255AB4FBE04}","item/Data e Horário":"@body('Fuso_horário_de_conversão')","item/ID Forms":"@{string(triggerOutputs()?['body/resourceData/responseId'])}","item/Código Sankhya":"@body('Obter_os_detalhes_da_resposta')?['rb139ffdbbf4547c7a218228ec5b824be']","item/Quantidade":"@body('Obter_os_detalhes_da_resposta')?['r40e1a2d7a5964d1e94b33943ab844d3f']","item/Base":"Pinhais","item/Unidade de Medida":"@body('Obter_os_detalhes_da_resposta')?['r92cfb805a0404e0fa3093ba1ffc6416f']"},"host":{"apiId":"/providers/Microsoft.PowerApps/apis/shared_excelonlinebusiness","connectionName":"shared_excelonlinebusiness","operationId":"AddRowV2"},"authentication":"@parameters('$authentication')"}}}},"expression":{"and":[{"equals":["@body('Obter_os_detalhes_da_resposta')?['r5ed382b2526a43618591ab7fc55c64d4']","Sim"]}]},"metadata":{"operationMetadataId":"80a7bbb5-988d-4fa2-86ba-651b717646c4"},"type":"If"}},"runAfter":{},"type":"Scope"},"Catch":{"actions":{"Matriz_do_filtro":{"type":"Query","inputs":{"from":"@result('Try')","where":"@or(equals(item()?['Status'], 'Failed'),equals(item()?['Status'], 'TimedOut'))\n"}},"Criar_Tabela_HTML":{"runAfter":{"Matriz_do_filtro":["Succeeded"]},"type":"Table","inputs":{"from":"@body('Matriz_do_filtro')","format":"HTML","columns":[{"header":"Action","value":"@item()?['name']"},{"header":"Status","value":"@item()?['Status']"},{"header":"ErrorMessage","value":"@item()?['error']?['message']"}]}},"Enviar_um_email_(V2)":{"runAfter":{"Criar_Tabela_HTML":["Succeeded"]},"type":"OpenApiConnection","inputs":{"parameters":{"emailMessage/To":"qualidade@htmsgroup.com","emailMessage/Subject":"Erro na execução do fluxo - [ALM - Baixa de Materiais]","emailMessage/Body":"<p class=\"editor-paragraph\">@{body('Criar_Tabela_HTML')}</p><p class=\"editor-paragraph\"><a href=\"https://\" class=\"editor-link\"><br></a><a href=\"https://\" class=\"editor-link\">Fluxo em que houve o erro</a></p>","emailMessage/Importance":"Normal"},"host":{"apiId":"/providers/Microsoft.PowerApps/apis/shared_office365","connectionName":"shared_office365","operationId":"SendEmailV2"},"authentication":"@parameters('$authentication')"}},"Terminar_1":{"runAfter":{"Enviar_um_email_(V2)":["Succeeded"]},"type":"Terminate","inputs":{"runStatus":"Failed"}}},"runAfter":{"Try":["TimedOut","Failed"]},"type":"Scope"}},"outputs":{}},"connectionReferences":{"shared_microsoftforms-1":{"connectionName":"shared-microsoftform-62f54038-4648-48c5-978d-7bb86d2bf129","source":"Embedded","id":"/providers/Microsoft.PowerApps/apis/shared_microsoftforms","tier":"NotSpecified"},"shared_excelonlinebusiness":{"connectionName":"shared-excelonlinebu-0b83d214-2ff4-4e48-998d-42d62c32bc76","source":"Embedded","id":"/providers/Microsoft.PowerApps/apis/shared_excelonlinebusiness","tier":"NotSpecified"},"shared_office365":{"connectionName":"shared-office365-4d4ac0ca-c307-4a95-a535-28cef15b263c","source":"Embedded","id":"/providers/Microsoft.PowerApps/apis/shared_office365","tier":"NotSpecified"},"shared_office365-2":{"connectionName":"shared-office365-f8286a62-f5a5-43db-8d60-045746dc84b2","source":"Embedded","id":"/providers/Microsoft.PowerApps/apis/shared_office365","tier":"NotSpecified"}},"flowFailureAlertSubscribed":false,"isManaged":false}}